customer_id,location_latitude,location_longitude,address,city_id,preferred_delivery_window
1,25.99083518419199,80.88398303809656,Address_1,21,"('12 AM', '1 PM')"
2,27.195171960720057,78.15149349468149,Address_2,4,"('4 AM', '1 PM')"
3,26.486166207509374,89.51244413115981,Address_3,12,"('5 AM', '3 PM')"
4,23.4821756918282,92.66050731970313,Address_4,7,"('6 AM', '5 PM')"
5,19.746296726684598,75.30550173745318,Address_5,19,"('2 AM', '5 PM')"
6,19.390462454761195,78.3218603085238,Address_6,2,"('5 AM', '11 PM')"
7,23.28329900514664,87.89156012826031,Address_7,24,"('10 AM', '7 PM')"
8,34.214279752281,74.20653467133465,Address_8,23,"('9 AM', '7 PM')"
9,25.903771630234676,80.8379638240193,Address_9,21,"('8 AM', '11 PM')"
10,28.885491249599472,78.89434220158692,Address_10,22,"('9 AM', '9 PM')"
11,9.48542380608453,76.44602141497472,Address_11,10,"('5 AM', '12 PM')"
12,26.53924732975484,89.45644636172048,Address_12,12,"('12 AM', '2 PM')"
13,26.46457104373362,89.51116079239851,Address_13,12,"('3 AM', '11 PM')"
14,20.933808646138058,77.6962623526149,Address_14,16,"('5 AM', '6 PM')"
15,25.455962407278736,81.80579455661302,Address_15,13,"('4 AM', '9 PM')"
16,25.89870200916319,80.78895933003018,Address_16,21,"('7 AM', '12 PM')"
17,9.442638436981712,76.33560462249643,Address_17,10,"('9 AM', '2 PM')"
18,25.3596482250989,81.72059220776488,Address_18,13,"('7 AM', '1 PM')"
19,27.196683417163253,78.00844299431319,Address_19,4,"('9 AM', '5 PM')"
20,23.91510349806825,91.21200266977733,Address_20,3,"('5 AM', '2 PM')"
21,24.88614887512715,84.3742637494341,Address_21,20,"('11 AM', '8 PM')"
22,23.77417972203186,91.23579469669953,Address_22,3,"('8 AM', '5 PM')"
23,27.861612215324556,78.10630338881751,Address_23,11,"('3 AM', '11 PM')"
24,23.107025503023095,72.5334539938422,Address_24,6,"('8 AM', '12 PM')"
25,19.47988916990763,78.29443829834506,Address_25,2,"('6 AM', '8 PM')"
26,9.514729727705076,76.34006896136961,Address_26,10,"('1 AM', '9 PM')"
27,30.53224105278938,76.95113915370437,Address_27,15,"('6 AM', '5 PM')"
28,30.122458216647562,74.08134101196435,Address_28,1,"('12 AM', '3 PM')"
29,28.811553009367895,79.13719759129543,Address_29,22,"('11 AM', '7 PM')"
30,23.741173504463383,92.72424668148572,Address_30,7,"('4 AM', '7 PM')"
31,30.114388775637572,74.27233311285768,Address_31,1,"('11 AM', '4 PM')"
32,31.691157181122968,74.82722286163063,Address_32,17,"('12 AM', '2 PM')"
33,27.50888373824968,76.34921090968827,Address_33,14,"('10 AM', '6 PM')"
34,25.30812388026717,81.90635732185447,Address_34,13,"('4 AM', '11 PM')"
35,27.69990065560938,78.05628879736823,Address_35,11,"('7 AM', '12 PM')"
36,26.46893871567353,89.53768493467547,Address_36,12,"('7 AM', '8 PM')"
37,9.487979187236174,76.32726809617783,Address_37,10,"('1 AM', '6 PM')"
38,23.310421681747464,87.78204572887354,Address_38,24,"('6 AM', '7 PM')"
39,26.48899020527811,89.60892082652661,Address_39,12,"('9 AM', '12 PM')"
40,31.639673754149943,74.84007266812642,Address_40,17,"('4 AM', '5 PM')"
41,19.861896211384423,75.36451279949074,Address_41,19,"('12 AM', '3 PM')"
42,23.706912214734277,86.98351991093753,Address_42,18,"('4 AM', '7 PM')"
43,27.857954180603,78.20761977308162,Address_43,11,"('7 AM', '3 PM')"
44,25.414850043052127,81.74206319810824,Address_44,13,"('5 AM', '2 PM')"
45,19.39089092204517,78.31265734105469,Address_45,2,"('11 AM', '3 PM')"
46,34.266887154587636,74.26619851516926,Address_46,23,"('4 AM', '10 PM')"
47,27.82353631840218,77.99263331356661,Address_47,11,"('1 AM', '8 PM')"
48,26.432135277026678,74.53370116371553,Address_48,8,"('11 AM', '8 PM')"
49,25.412669903690333,81.91977745152685,Address_49,13,"('4 AM', '2 PM')"
50,34.05986516442368,74.3112386084229,Address_50,23,"('3 AM', '10 PM')"
51,9.506092501629379,76.3417016860015,Address_51,10,"('5 AM', '8 PM')"
52,9.528692682227682,76.42273378859723,Address_52,10,"('1 AM', '5 PM')"
53,27.86801510858824,77.95422099697593,Address_53,11,"('6 AM', '12 PM')"
54,19.32831440226787,74.73801772518829,Address_54,5,"('7 AM', '3 PM')"
55,23.05182936687805,72.35550040610863,Address_55,6,"('2 AM', '8 PM')"
56,30.331768140057363,76.81727654821785,Address_56,15,"('12 AM', '6 PM')"
57,27.572807384579757,76.58899318360916,Address_57,14,"('6 AM', '11 PM')"
58,25.533029161981567,81.82085370797805,Address_58,13,"('10 AM', '6 PM')"
59,19.24693487087146,74.8075126223512,Address_59,5,"('7 AM', '1 PM')"
60,27.829794739510813,78.04252528831748,Address_60,11,"('12 AM', '9 PM')"
61,19.91292862190823,75.32582482128477,Address_61,19,"('12 AM', '7 PM')"
62,23.414013941105786,87.91481218530141,Address_62,24,"('9 AM', '4 PM')"
63,20.73431104252812,77.00932339058053,Address_63,9,"('9 AM', '1 PM')"
64,22.927016027105104,72.67598657133259,Address_64,6,"('2 AM', '11 PM')"
65,19.440745011541885,78.23448648746894,Address_65,2,"('2 AM', '4 PM')"
66,28.499761310840746,79.44268849480034,Address_66,25,"('5 AM', '4 PM')"
67,23.770327315319125,91.31243699018708,Address_67,3,"('6 AM', '8 PM')"
68,19.35702537886491,78.30003424625059,Address_68,2,"('10 AM', '1 PM')"
69,20.77225826987239,77.04744961076001,Address_69,9,"('1 AM', '4 PM')"
70,25.509387702214518,81.76218701577066,Address_70,13,"('12 AM', '5 PM')"
71,18.93503950160773,74.6395735610611,Address_71,5,"('2 AM', '11 PM')"
72,23.49004345173335,92.67348642870182,Address_72,7,"('6 AM', '8 PM')"
73,24.752033122290914,84.28828727162458,Address_73,20,"('10 AM', '2 PM')"
74,27.43814985480742,76.66217842748524,Address_74,14,"('10 AM', '12 PM')"
75,23.7483368787671,92.75971029030164,Address_75,7,"('11 AM', '10 PM')"
76,19.41848360777214,78.26132220132165,Address_76,2,"('1 AM', '11 PM')"
77,18.978337392253636,74.54484175892156,Address_77,5,"('3 AM', '9 PM')"
78,23.8296620153252,91.25899840424194,Address_78,3,"('6 AM', '7 PM')"
79,23.633194506592904,92.7202918161852,Address_79,7,"('2 AM', '11 PM')"
80,24.91488968558816,84.1671941374415,Address_80,20,"('4 AM', '2 PM')"
81,26.447949115743807,74.64731946568926,Address_81,8,"('11 AM', '10 PM')"
82,34.171039312013896,74.2067186183466,Address_82,23,"('7 AM', '12 PM')"
83,9.51040604464328,76.35551875208033,Address_83,10,"('9 AM', '4 PM')"
84,24.90035827346827,84.56665826451977,Address_84,20,"('7 AM', '5 PM')"
85,23.097843467012474,87.8825943439916,Address_85,24,"('11 AM', '1 PM')"
86,28.927210648187216,79.04610843694257,Address_86,22,"('3 AM', '5 PM')"
87,26.43250358030444,74.64156907822719,Address_87,8,"('2 AM', '12 PM')"
88,31.653086460716125,74.97994560091256,Address_88,17,"('2 AM', '10 PM')"
89,20.995187656995082,77.81854543431072,Address_89,16,"('7 AM', '1 PM')"
90,30.073679096136672,74.24746079478909,Address_90,1,"('12 AM', '1 PM')"
91,20.695851080970456,76.98124912993062,Address_91,9,"('10 AM', '9 PM')"
92,24.88784074530323,84.30837894766297,Address_92,20,"('8 AM', '5 PM')"
93,23.70521397870933,92.63502705000687,Address_93,7,"('12 AM', '10 PM')"
94,22.871295678095333,72.39833168527119,Address_94,6,"('8 AM', '7 PM')"
95,30.13394331694861,76.77880950333133,Address_95,15,"('9 AM', '2 PM')"
96,34.177985823456176,74.40804912536984,Address_96,23,"('12 AM', '12 PM')"
97,25.398156008155357,81.8367608204848,Address_97,13,"('7 AM', '4 PM')"
98,27.566100387576547,76.49366251736252,Address_98,14,"('6 AM', '9 PM')"
99,30.138475449572997,74.22124739266432,Address_99,1,"('10 AM', '10 PM')"
100,27.335207179066135,78.07378649851651,Address_100,4,"('1 AM', '5 PM')"
101,24.953584090858165,84.29645417476402,Address_101,20,"('3 AM', '4 PM')"
102,34.163987320663026,74.3404217300298,Address_102,23,"('9 AM', '8 PM')"
103,23.79388460130396,91.3827881457979,Address_103,3,"('2 AM', '5 PM')"
104,23.25717782665219,87.85195048767524,Address_104,24,"('6 AM', '10 PM')"
105,27.207150441978957,77.98216697030249,Address_105,4,"('11 AM', '1 PM')"
106,28.470189750909856,79.43255554581965,Address_106,25,"('4 AM', '9 PM')"
107,23.270283823510987,87.81752447200593,Address_107,24,"('7 AM', '7 PM')"
108,9.462984571429576,76.36615350562344,Address_108,10,"('8 AM', '8 PM')"
109,25.443103974571788,81.74661082280375,Address_109,13,"('1 AM', '9 PM')"
110,27.2052396908547,78.07333762537492,Address_110,4,"('10 AM', '8 PM')"
111,9.50744184451312,76.3053943519603,Address_111,10,"('9 AM', '4 PM')"
112,19.11577253125517,74.62376890439039,Address_112,5,"('6 AM', '8 PM')"
113,20.76204450381586,76.9789523068675,Address_113,9,"('8 AM', '7 PM')"
114,30.185613236534003,74.15492525108196,Address_114,1,"('9 AM', '12 PM')"
115,30.570237849883537,76.91833928552515,Address_115,15,"('10 AM', '7 PM')"
116,28.341463047564,79.45937855469667,Address_116,25,"('8 AM', '5 PM')"
117,18.926488100515297,74.7731562311984,Address_117,5,"('7 AM', '10 PM')"
118,19.901128778815693,75.43514828834535,Address_118,19,"('7 AM', '4 PM')"
119,23.650227040053878,86.88863408095266,Address_119,18,"('5 AM', '2 PM')"
120,22.91267607961344,72.68612573166433,Address_120,6,"('6 AM', '12 PM')"
121,34.259608409588616,74.34531328492966,Address_121,23,"('4 AM', '12 PM')"
122,28.400187335566628,79.30802715604871,Address_122,25,"('5 AM', '5 PM')"
123,30.076202805900937,74.23440331035187,Address_123,1,"('6 AM', '5 PM')"
124,30.18455801071726,74.2092098365805,Address_124,1,"('3 AM', '10 PM')"
125,22.876686024410798,72.69971546961852,Address_125,6,"('1 AM', '9 PM')"
126,19.161664158441866,74.72049753221081,Address_126,5,"('10 AM', '4 PM')"
127,23.601073926229123,92.85256189494979,Address_127,7,"('4 AM', '3 PM')"
128,28.712245811445392,78.97184418627914,Address_128,22,"('4 AM', '4 PM')"
129,34.117853736811014,74.40709376924423,Address_129,23,"('3 AM', '9 PM')"
130,23.84265063770953,91.26420250362592,Address_130,3,"('6 AM', '6 PM')"
131,20.728410487037067,77.05208722659725,Address_131,9,"('12 AM', '10 PM')"
132,34.23945482697471,74.23802075556549,Address_132,23,"('11 AM', '8 PM')"
133,26.028108783695785,80.77230741476954,Address_133,21,"('4 AM', '7 PM')"
134,23.70566434138232,86.88535207163302,Address_134,18,"('6 AM', '12 PM')"
135,26.3663469795004,74.58898422958977,Address_135,8,"('9 AM', '1 PM')"
136,27.1354733339824,78.0692758739331,Address_136,4,"('3 AM', '12 PM')"
137,26.481734084461458,74.63203908655689,Address_137,8,"('8 AM', '12 PM')"
138,26.483673666764105,89.52299265804567,Address_138,12,"('5 AM', '4 PM')"
139,23.72929342605341,92.73300977793262,Address_139,7,"('10 AM', '6 PM')"
140,19.04078760550094,74.80438078560128,Address_140,5,"('5 AM', '7 PM')"
141,25.413449949314305,81.91334466747107,Address_141,13,"('11 AM', '12 PM')"
142,34.228957973385555,74.21906627459578,Address_142,23,"('1 AM', '8 PM')"
143,30.14759433729553,74.21227085869893,Address_143,1,"('11 AM', '11 PM')"
144,20.739651778394848,77.02904322992649,Address_144,9,"('7 AM', '12 PM')"
145,9.493806164181585,76.32761041251473,Address_145,10,"('4 AM', '4 PM')"
146,23.133530124302624,72.75894591241999,Address_146,6,"('10 AM', '7 PM')"
147,28.31187022182878,79.3537019077779,Address_147,25,"('11 AM', '10 PM')"
148,20.971912694852968,77.70674387264707,Address_148,16,"('10 AM', '8 PM')"
149,19.018749693526367,74.58477073082803,Address_149,5,"('11 AM', '5 PM')"
150,22.885526361445827,72.49609035023046,Address_150,6,"('6 AM', '5 PM')"
151,27.18319307607926,78.02459233936912,Address_151,4,"('3 AM', '2 PM')"
152,30.04137287693249,74.25971734255482,Address_152,1,"('7 AM', '4 PM')"
153,26.478303699680218,89.50685426407072,Address_153,12,"('9 AM', '4 PM')"
154,30.30621080001844,77.03815140894906,Address_154,15,"('8 AM', '10 PM')"
155,34.25608966698972,74.39732085857437,Address_155,23,"('1 AM', '2 PM')"
156,20.72001185041432,76.99348773790715,Address_156,9,"('3 AM', '2 PM')"
157,24.658859584116914,84.35848667698546,Address_157,20,"('4 AM', '6 PM')"
158,23.702302933517256,86.9643369344799,Address_158,18,"('1 AM', '6 PM')"
159,19.422155474088296,78.33687543611087,Address_159,2,"('2 AM', '12 PM')"
160,20.60832584869494,76.99831563916545,Address_160,9,"('11 AM', '5 PM')"
161,34.199274901654896,74.17884815079476,Address_161,23,"('4 AM', '2 PM')"
162,27.458194870879286,76.43886566632956,Address_162,14,"('3 AM', '4 PM')"
163,25.965804227718802,80.83756974010628,Address_163,21,"('7 AM', '11 PM')"
164,27.742694308611476,78.12124817167378,Address_164,11,"('2 AM', '4 PM')"
165,30.368251082398917,76.76768743290593,Address_165,15,"('4 AM', '12 PM')"
166,34.134443771607685,74.46364517298024,Address_166,23,"('7 AM', '2 PM')"
167,25.896465981235824,80.79329543308071,Address_167,21,"('8 AM', '9 PM')"
168,23.67485982905627,86.99332927151325,Address_168,18,"('4 AM', '9 PM')"
169,30.082241162980775,74.15905617000703,Address_169,1,"('1 AM', '11 PM')"
170,27.199091791900575,77.98627459880541,Address_170,4,"('10 AM', '7 PM')"
171,30.12858808776037,74.31584985578746,Address_171,1,"('4 AM', '8 PM')"
172,28.797875323306254,79.17716521305556,Address_172,22,"('5 AM', '1 PM')"
173,26.5094832958228,89.5453625226833,Address_173,12,"('4 AM', '2 PM')"
174,23.847393082336303,91.35880638845592,Address_174,3,"('8 AM', '8 PM')"
175,25.516297813766595,81.84526215256246,Address_175,13,"('8 AM', '3 PM')"
176,28.986072879488063,79.04327756837792,Address_176,22,"('11 AM', '7 PM')"
177,23.818043936877675,91.2403792377919,Address_177,3,"('7 AM', '11 PM')"
178,24.729969588979337,84.33774665743988,Address_178,20,"('8 AM', '4 PM')"
179,31.69449833091052,74.90762471583943,Address_179,17,"('2 AM', '6 PM')"
180,19.90205240071211,75.36837087385962,Address_180,19,"('9 AM', '9 PM')"
181,19.456653245774074,78.32317113934488,Address_181,2,"('8 AM', '4 PM')"
182,27.117899108619874,77.93573290920428,Address_182,4,"('3 AM', '4 PM')"
183,25.921544772028692,80.77593816801262,Address_183,21,"('4 AM', '10 PM')"
184,30.437188908830315,76.60597367886432,Address_184,15,"('4 AM', '6 PM')"
185,19.065598881108812,74.47759696145197,Address_185,5,"('4 AM', '4 PM')"
186,23.8033627482407,91.30017236630218,Address_186,3,"('8 AM', '6 PM')"
187,24.674386741039665,84.30729047717927,Address_187,20,"('6 AM', '9 PM')"
188,28.449370543646815,79.27239336084794,Address_188,25,"('3 AM', '6 PM')"
189,19.88314567132588,75.34546080738167,Address_189,19,"('11 AM', '9 PM')"
190,27.17748515170972,77.94241445207994,Address_190,4,"('4 AM', '5 PM')"
191,25.85851260674699,80.75662159141552,Address_191,21,"('7 AM', '1 PM')"
192,34.310577948056164,74.28818613708219,Address_192,23,"('2 AM', '7 PM')"
193,27.271067862463852,78.03340813520084,Address_193,4,"('9 AM', '3 PM')"
194,25.87711048092668,80.71553805169496,Address_194,21,"('10 AM', '2 PM')"
195,23.70565722712637,86.92541468749052,Address_195,18,"('2 AM', '6 PM')"
196,25.841326761556637,80.67267498913567,Address_196,21,"('12 AM', '3 PM')"
197,28.256982444851023,79.39186434204794,Address_197,25,"('5 AM', '10 PM')"
198,24.783349860886226,84.58530834474676,Address_198,20,"('8 AM', '1 PM')"
199,27.8569960629798,77.97400736969583,Address_199,11,"('6 AM', '11 PM')"
200,20.87528255755056,77.67769275673928,Address_200,16,"('4 AM', '6 PM')"
201,20.729523113690153,77.0018078756276,Address_201,9,"('4 AM', '9 PM')"
202,27.792828415929097,78.27143380614105,Address_202,11,"('9 AM', '3 PM')"
203,26.41062343916172,89.61101123010528,Address_203,12,"('12 AM', '3 PM')"
204,20.90832371972685,77.81498465125848,Address_204,16,"('4 AM', '1 PM')"
205,9.484391095298122,76.28901424044888,Address_205,10,"('3 AM', '2 PM')"
206,19.924932272125854,75.451535010202,Address_206,19,"('4 AM', '1 PM')"
207,27.684230297241996,76.5907349572342,Address_207,14,"('10 AM', '5 PM')"
208,27.576964782373253,76.73661810708143,Address_208,14,"('11 AM', '4 PM')"
209,28.328048726768614,79.45207110329137,Address_209,25,"('3 AM', '11 PM')"
210,26.421574750330375,74.69886100087278,Address_210,8,"('8 AM', '1 PM')"
211,23.066867464243337,87.84942652095826,Address_211,24,"('9 AM', '12 PM')"
212,34.29422504901739,74.27458082565792,Address_212,23,"('9 AM', '10 PM')"
213,26.55005375193009,74.67414032971847,Address_213,8,"('5 AM', '4 PM')"
214,23.4023019803537,87.93416595809474,Address_214,24,"('8 AM', '11 PM')"
215,25.36219883426088,81.80996524752051,Address_215,13,"('2 AM', '12 PM')"
216,28.254140312284274,79.44483324945776,Address_216,25,"('4 AM', '1 PM')"
217,25.437273149126078,81.70370472975739,Address_217,13,"('6 AM', '1 PM')"
218,28.682788828346446,79.1793895357902,Address_218,22,"('9 AM', '1 PM')"
219,23.84213526551231,91.19765583903454,Address_219,3,"('10 AM', '1 PM')"
220,25.568403401615974,81.76273211093941,Address_220,13,"('11 AM', '7 PM')"
221,25.31335416026991,81.83008426882348,Address_221,13,"('4 AM', '12 PM')"
222,23.732665148314435,92.7178242024962,Address_222,7,"('11 AM', '6 PM')"
223,30.30103697973938,76.65915918118345,Address_223,15,"('9 AM', '2 PM')"
224,20.701667823366574,77.00372196408443,Address_224,9,"('5 AM', '6 PM')"
225,23.666618369838176,86.99836423101921,Address_225,18,"('12 AM', '10 PM')"
226,20.72728821862399,77.05762611673235,Address_226,9,"('9 AM', '12 PM')"
227,23.60952120776528,87.05736972316215,Address_227,18,"('5 AM', '9 PM')"
228,27.232684647405502,77.99991326146248,Address_228,4,"('5 AM', '12 PM')"
229,30.208135448315595,74.10651775899119,Address_229,1,"('3 AM', '2 PM')"
230,25.300912178079585,81.89353055117402,Address_230,13,"('4 AM', '9 PM')"
231,26.503261861147617,74.70775971406891,Address_231,8,"('10 AM', '4 PM')"
232,25.450963979368318,81.96053319735915,Address_232,13,"('7 AM', '12 PM')"
233,19.07283464924141,74.73230734603533,Address_233,5,"('9 AM', '9 PM')"
234,19.880963252593226,75.34679728587963,Address_234,19,"('6 AM', '5 PM')"
235,26.531313947875788,89.45024781474487,Address_235,12,"('2 AM', '2 PM')"
236,31.68641817533357,74.84480692082491,Address_236,17,"('4 AM', '3 PM')"
237,23.764886167107438,92.7232613427912,Address_237,7,"('6 AM', '8 PM')"
238,25.44317286461449,81.83730789475712,Address_238,13,"('10 AM', '3 PM')"
239,23.64141606558988,87.04244459015833,Address_239,18,"('12 AM', '11 PM')"
240,23.875282732544793,92.95732281048619,Address_240,7,"('3 AM', '9 PM')"
241,19.95736319689429,75.40401656195029,Address_241,19,"('3 AM', '10 PM')"
242,26.397962676641136,89.58285395533466,Address_242,12,"('12 AM', '1 PM')"
243,28.22597894914341,79.37640088987825,Address_243,25,"('3 AM', '3 PM')"
244,21.019097038343368,77.66509810314882,Address_244,16,"('12 AM', '2 PM')"
245,23.019675127284398,72.3904801076675,Address_245,6,"('2 AM', '11 PM')"
246,20.904452296769392,77.76195480227585,Address_246,16,"('6 AM', '11 PM')"
247,20.877614272984864,77.704441344444,Address_247,16,"('3 AM', '1 PM')"
248,22.987114701725147,72.63969860580633,Address_248,6,"('10 AM', '10 PM')"
249,30.59626229329829,76.7043367420592,Address_249,15,"('7 AM', '5 PM')"
250,22.881312928646413,72.5053880812883,Address_250,6,"('7 AM', '1 PM')"
251,31.624204372855193,74.86293049444575,Address_251,17,"('9 AM', '11 PM')"
252,20.6995910892774,76.97417955167091,Address_252,9,"('11 AM', '5 PM')"
253,23.158360862724084,72.63852631573323,Address_253,6,"('10 AM', '9 PM')"
254,27.845291378851947,77.94474248990174,Address_254,11,"('11 AM', '2 PM')"
255,26.496344811604107,74.64654435240415,Address_255,8,"('6 AM', '10 PM')"
256,28.292190718658134,79.60811537094635,Address_256,25,"('6 AM', '12 PM')"
257,23.599442424894676,92.49984700065298,Address_257,7,"('2 AM', '2 PM')"
258,30.093900100920145,74.19111306073556,Address_258,1,"('6 AM', '4 PM')"
259,26.506639501345745,89.41868588621396,Address_259,12,"('7 AM', '5 PM')"
260,34.187213971520684,74.33161562995225,Address_260,23,"('12 AM', '5 PM')"
261,27.331299726199532,77.98550921015791,Address_261,4,"('3 AM', '7 PM')"
262,19.09705045690068,74.63671990551767,Address_262,5,"('9 AM', '12 PM')"
263,19.973832137524035,75.40000575121066,Address_263,19,"('7 AM', '5 PM')"
264,19.243101089207055,74.66038210263393,Address_264,5,"('10 AM', '9 PM')"
265,31.70153776608529,74.91039920595766,Address_265,17,"('11 AM', '11 PM')"
266,23.15702502574614,72.62674869257603,Address_266,6,"('10 AM', '5 PM')"
267,34.19382114865922,74.36422692176329,Address_267,23,"('6 AM', '7 PM')"
268,30.156384799776667,76.88603762552863,Address_268,15,"('4 AM', '4 PM')"
269,28.201843101353717,79.34790481756973,Address_269,25,"('6 AM', '2 PM')"
270,20.910636557040046,77.81149234866199,Address_270,16,"('9 AM', '8 PM')"
271,20.7476135097021,76.95621228750078,Address_271,9,"('9 AM', '7 PM')"
272,22.98249265863086,72.53677985337573,Address_272,6,"('10 AM', '7 PM')"
273,23.82169820928039,92.6198873204729,Address_273,7,"('6 AM', '3 PM')"
274,20.848651703422657,77.77923969990617,Address_274,16,"('12 AM', '12 PM')"
275,9.493577059468858,76.32730341127771,Address_275,10,"('11 AM', '12 PM')"
276,26.43322585731376,89.40362287377157,Address_276,12,"('10 AM', '10 PM')"
277,30.49709788413696,76.8306827386644,Address_277,15,"('5 AM', '8 PM')"
278,23.084591341640245,87.86050168167996,Address_278,24,"('5 AM', '4 PM')"
279,23.73357027546957,87.04698089293746,Address_279,18,"('11 AM', '4 PM')"
280,34.22799788630384,74.31332009900001,Address_280,23,"('4 AM', '4 PM')"
281,20.89784635043609,77.76223894870361,Address_281,16,"('9 AM', '11 PM')"
282,28.23133569378962,79.45696357143454,Address_282,25,"('1 AM', '10 PM')"
283,21.030996129305986,77.74951870414792,Address_283,16,"('1 AM', '1 PM')"
284,28.803650910677447,79.03873222502955,Address_284,22,"('11 AM', '2 PM')"
285,23.678106492546146,92.5175559125187,Address_285,7,"('9 AM', '4 PM')"
286,23.666825387518124,86.93515213583015,Address_286,18,"('2 AM', '6 PM')"
287,28.37320785657908,79.60193198962672,Address_287,25,"('1 AM', '9 PM')"
288,27.486578167363362,76.3817862167,Address_288,14,"('1 AM', '1 PM')"
289,9.442425153796359,76.3244881514893,Address_289,10,"('12 AM', '2 PM')"
290,23.675116919314302,86.97659071013763,Address_290,18,"('12 AM', '1 PM')"
291,24.82028196937156,84.18189235670971,Address_291,20,"('9 AM', '2 PM')"
292,28.025574765031923,78.02297643087215,Address_292,11,"('2 AM', '3 PM')"
293,19.950014940903557,75.30303854081976,Address_293,19,"('7 AM', '3 PM')"
294,27.184848079018433,78.00374328424701,Address_294,4,"('4 AM', '10 PM')"
295,23.861259599961915,91.38274240250624,Address_295,3,"('7 AM', '4 PM')"
296,20.6967187069442,77.00255101002868,Address_296,9,"('9 AM', '1 PM')"
297,23.636846336824945,86.95020299774598,Address_297,18,"('5 AM', '7 PM')"
298,28.186347931816325,79.5759526219632,Address_298,25,"('5 AM', '5 PM')"
299,19.388141129596484,78.32649122386069,Address_299,2,"('8 AM', '10 PM')"
300,28.247587704071133,79.24345808089917,Address_300,25,"('8 AM', '10 PM')"
301,25.385374745808683,81.70764325091925,Address_301,13,"('9 AM', '10 PM')"
302,23.303501267365757,87.79312098708984,Address_302,24,"('1 AM', '6 PM')"
303,30.371209877887477,76.81883341079727,Address_303,15,"('6 AM', '2 PM')"
304,27.51224242516793,76.74092467408299,Address_304,14,"('1 AM', '11 PM')"
305,26.370185661330016,74.63209899626132,Address_305,8,"('5 AM', '5 PM')"
306,28.373515214834164,79.38145272409547,Address_306,25,"('9 AM', '1 PM')"
307,26.534338140143927,74.72437679537722,Address_307,8,"('12 AM', '8 PM')"
308,19.3410158765978,74.76502712663644,Address_308,5,"('8 AM', '9 PM')"
309,30.41587955631598,76.53689028791236,Address_309,15,"('2 AM', '10 PM')"
310,23.91499533264511,91.23478236960975,Address_310,3,"('8 AM', '1 PM')"
311,30.170251027658757,74.16775126294047,Address_311,1,"('8 AM', '9 PM')"
312,19.39418170298941,78.29529784800681,Address_312,2,"('5 AM', '11 PM')"
313,20.934817069200314,77.75573556017362,Address_313,16,"('3 AM', '5 PM')"
314,20.742081309042657,76.9921832623156,Address_314,9,"('11 AM', '8 PM')"
315,27.425100123724764,76.55077269286438,Address_315,14,"('3 AM', '8 PM')"
316,23.293681827109555,87.84979752256999,Address_316,24,"('2 AM', '8 PM')"
317,20.70269047634691,77.00999788831818,Address_317,9,"('5 AM', '2 PM')"
318,9.524520436436331,76.3294425110176,Address_318,10,"('6 AM', '5 PM')"
319,27.795426957729546,76.63868516345002,Address_319,14,"('3 AM', '12 PM')"
320,25.44973706762529,81.93027117614398,Address_320,13,"('4 AM', '10 PM')"
321,23.570227022327032,92.70678054825954,Address_321,7,"('10 AM', '12 PM')"
322,26.54194545134537,89.5748584180791,Address_322,12,"('2 AM', '4 PM')"
323,26.457580771104972,74.63811133209235,Address_323,8,"('12 AM', '7 PM')"
324,30.39021701042309,76.80372469364539,Address_324,15,"('11 AM', '7 PM')"
325,25.42127004347722,81.89709278335552,Address_325,13,"('10 AM', '3 PM')"
326,22.999518582321997,72.59305821226515,Address_326,6,"('7 AM', '11 PM')"
327,27.901598996485227,77.99822090769004,Address_327,11,"('12 AM', '12 PM')"
328,28.794302390864292,79.07379792220523,Address_328,22,"('10 AM', '8 PM')"
329,28.54998463488143,79.41256904856775,Address_329,25,"('12 AM', '5 PM')"
330,19.234291350896154,74.5486684018473,Address_330,5,"('11 AM', '3 PM')"
331,28.865513965024174,78.99959262752503,Address_331,22,"('11 AM', '6 PM')"
332,34.209840208104694,74.23847594029823,Address_332,23,"('7 AM', '12 PM')"
333,20.833893883231003,77.6902115821572,Address_333,16,"('12 AM', '10 PM')"
334,30.134567072768032,74.18838946553767,Address_334,1,"('3 AM', '9 PM')"
335,23.282374919561413,87.84498707069655,Address_335,24,"('12 AM', '5 PM')"
336,26.02344456209788,80.71578120671839,Address_336,21,"('2 AM', '4 PM')"
337,26.031341751277555,80.73536462371486,Address_337,21,"('4 AM', '6 PM')"
338,25.4611991303566,81.87291851229175,Address_338,13,"('5 AM', '11 PM')"
339,30.114337164049125,74.22133747749832,Address_339,1,"('10 AM', '6 PM')"
340,27.705874107944336,76.52179781413854,Address_340,14,"('3 AM', '11 PM')"
341,24.806625172283436,84.30029064999763,Address_341,20,"('12 AM', '6 PM')"
342,20.918305071649474,77.77594303111601,Address_342,16,"('12 AM', '8 PM')"
343,20.940739530193078,77.73044636006291,Address_343,16,"('9 AM', '11 PM')"
344,26.53889950038572,89.42075098504152,Address_344,12,"('8 AM', '2 PM')"
345,28.44393836871744,79.37655677236796,Address_345,25,"('7 AM', '6 PM')"
346,24.805360481104387,84.42884127863314,Address_346,20,"('3 AM', '3 PM')"
347,22.940630795264514,72.52037785184464,Address_347,6,"('6 AM', '7 PM')"
348,31.618739706159772,74.84141514034728,Address_348,17,"('10 AM', '7 PM')"
349,19.099510519657123,74.75213338460571,Address_349,5,"('8 AM', '9 PM')"
350,30.195234753480936,74.13630630787496,Address_350,1,"('12 AM', '6 PM')"
351,28.12719737428159,78.02923967197962,Address_351,11,"('4 AM', '3 PM')"
352,27.881386858279818,78.07576201175807,Address_352,11,"('3 AM', '1 PM')"
353,27.131806899900308,78.03983341610565,Address_353,4,"('1 AM', '3 PM')"
354,23.727639154405345,92.62453010901181,Address_354,7,"('7 AM', '10 PM')"
355,26.434078812904687,74.65652376470149,Address_355,8,"('4 AM', '5 PM')"
356,25.943541270339892,80.90596780878833,Address_356,21,"('9 AM', '12 PM')"
357,25.380548658109944,81.78526814665656,Address_357,13,"('5 AM', '11 PM')"
358,20.91967132100804,77.80358928561485,Address_358,16,"('11 AM', '4 PM')"
359,23.73832579947864,92.71635413324861,Address_359,7,"('9 AM', '4 PM')"
360,23.063481513667508,72.47685505729318,Address_360,6,"('7 AM', '3 PM')"
361,24.752959337101526,84.37138138280287,Address_361,20,"('8 AM', '11 PM')"
362,30.219172818680367,74.12239908056488,Address_362,1,"('7 AM', '5 PM')"
363,30.14445896741513,74.1941501615489,Address_363,1,"('5 AM', '10 PM')"
364,30.21463180738298,74.14612310722059,Address_364,1,"('12 AM', '8 PM')"
365,25.443428648792118,81.83108671928849,Address_365,13,"('3 AM', '8 PM')"
366,19.414138438210305,78.37839472317238,Address_366,2,"('3 AM', '1 PM')"
367,20.679320121780066,76.98918329584053,Address_367,9,"('11 AM', '1 PM')"
368,9.493801785612352,76.2836530195507,Address_368,10,"('4 AM', '8 PM')"
369,27.66754077499116,76.43663355054755,Address_369,14,"('12 AM', '8 PM')"
370,34.24513650798025,74.37823332872098,Address_370,23,"('6 AM', '12 PM')"
371,22.919361623320864,72.40658220447048,Address_371,6,"('9 AM', '5 PM')"
372,28.32042494185155,79.42089906541673,Address_372,25,"('8 AM', '6 PM')"
373,28.467794978149655,79.28612010068419,Address_373,25,"('8 AM', '1 PM')"
374,24.898485759416353,84.60256743150424,Address_374,20,"('9 AM', '11 PM')"
375,27.478462752304864,76.80790501069701,Address_375,14,"('8 AM', '10 PM')"
376,26.46044261857189,89.63047615141909,Address_376,12,"('4 AM', '11 PM')"
377,26.356888737492525,89.5409626470829,Address_377,12,"('1 AM', '1 PM')"
378,20.96163972044024,77.65887739103462,Address_378,16,"('8 AM', '3 PM')"
379,31.621054639281624,74.87101042818962,Address_379,17,"('7 AM', '1 PM')"
380,22.847568512145198,72.47020464895726,Address_380,6,"('4 AM', '1 PM')"
381,27.85805170922791,78.09932098760271,Address_381,11,"('8 AM', '1 PM')"
382,22.816999494686417,72.68898666684538,Address_382,6,"('7 AM', '1 PM')"
383,26.49904127101114,89.52665133464718,Address_383,12,"('8 AM', '6 PM')"
384,25.797893427482865,80.73106523598527,Address_384,21,"('12 AM', '5 PM')"
385,20.918112203484075,77.76023331262296,Address_385,16,"('10 AM', '10 PM')"
386,28.810594197241198,78.90102936632667,Address_386,22,"('12 AM', '9 PM')"
387,31.66768718678396,74.77606320634378,Address_387,17,"('5 AM', '12 PM')"
388,31.69820541668393,74.80617728606944,Address_388,17,"('11 AM', '6 PM')"
389,27.18167890133618,77.99811856751586,Address_389,4,"('2 AM', '7 PM')"
390,28.77308849902131,79.03574775806933,Address_390,22,"('7 AM', '2 PM')"
391,23.82424339998349,91.34888133226445,Address_391,3,"('7 AM', '2 PM')"
392,19.32041836143343,78.22392878894154,Address_392,2,"('5 AM', '12 PM')"
393,26.499089790198315,74.70977132893049,Address_393,8,"('7 AM', '6 PM')"
394,23.224628752790565,87.6915718572943,Address_394,24,"('10 AM', '6 PM')"
395,27.323017963947823,78.0468137444164,Address_395,4,"('3 AM', '7 PM')"
396,23.33560520390632,88.03170089147292,Address_396,24,"('2 AM', '1 PM')"
397,28.90235857932878,78.85512745903772,Address_397,22,"('11 AM', '7 PM')"
398,25.928961084288083,80.88870220610778,Address_398,21,"('5 AM', '5 PM')"
399,28.366903191510417,79.27849048549632,Address_399,25,"('6 AM', '11 PM')"
400,23.78263858988733,92.76738886587178,Address_400,7,"('10 AM', '6 PM')"
401,25.438426985842607,81.83656999939424,Address_401,13,"('9 AM', '6 PM')"
402,18.898936422068147,74.76376650668504,Address_402,5,"('9 AM', '4 PM')"
403,25.339046919501293,81.81649522666977,Address_403,13,"('2 AM', '9 PM')"
404,23.92521284766603,91.29529516140127,Address_404,3,"('2 AM', '5 PM')"
405,26.454858457170648,74.61421905970846,Address_405,8,"('8 AM', '8 PM')"
406,22.947048540102774,72.55244128589861,Address_406,6,"('12 AM', '2 PM')"
407,25.817997091544665,80.78928637129906,Address_407,21,"('12 AM', '11 PM')"
408,23.987563796111665,92.70182111821042,Address_408,7,"('8 AM', '12 PM')"
409,23.6298428864456,92.6854166975408,Address_409,7,"('8 AM', '11 PM')"
410,20.92722947297784,77.75548216704406,Address_410,16,"('9 AM', '3 PM')"
411,23.15705391097628,87.77902594377223,Address_411,24,"('10 AM', '7 PM')"
412,24.793007426434283,84.13193409483053,Address_412,20,"('5 AM', '7 PM')"
413,23.7495805662747,92.67652121272538,Address_413,7,"('3 AM', '6 PM')"
414,27.173939013911287,78.00404128092416,Address_414,4,"('12 AM', '11 PM')"
415,26.486420468121135,89.53887333375536,Address_415,12,"('9 AM', '7 PM')"
416,23.597207980108944,87.02604201016854,Address_416,18,"('3 AM', '4 PM')"
417,24.80525428048628,84.35076680836285,Address_417,20,"('12 AM', '11 PM')"
418,27.584212927695006,76.42301430924432,Address_418,14,"('11 AM', '8 PM')"
419,28.225344484145676,79.31794274997368,Address_419,25,"('3 AM', '2 PM')"
420,23.10373551457798,72.36768175264038,Address_420,6,"('5 AM', '9 PM')"
421,23.86939283770527,91.28447332653624,Address_421,3,"('10 AM', '11 PM')"
422,27.651792338371603,76.41383524603425,Address_422,14,"('9 AM', '4 PM')"
423,23.69427545297563,92.7596303076523,Address_423,7,"('11 AM', '10 PM')"
424,25.359712117867467,81.89123271125797,Address_424,13,"('3 AM', '5 PM')"
425,26.492817144664585,89.52125978657102,Address_425,12,"('7 AM', '11 PM')"
426,30.16609253533474,74.22751904538882,Address_426,1,"('8 AM', '8 PM')"
427,23.663525561550735,87.0080398853289,Address_427,18,"('9 AM', '9 PM')"
428,19.397636873099625,78.30259086329389,Address_428,2,"('6 AM', '9 PM')"
429,26.433312085812336,89.57055112530954,Address_429,12,"('2 AM', '8 PM')"
430,34.20144052649791,74.37982660271987,Address_430,23,"('7 AM', '2 PM')"
431,9.494188370781405,76.40973893985822,Address_431,10,"('4 AM', '9 PM')"
432,27.58951043756012,76.6356850005781,Address_432,14,"('10 AM', '7 PM')"
433,26.51283205140707,89.50508065143762,Address_433,12,"('7 AM', '5 PM')"
434,23.04089986695036,72.68959006754713,Address_434,6,"('12 AM', '6 PM')"
435,9.550232431521485,76.39843542444217,Address_435,10,"('9 AM', '8 PM')"
436,23.732854787485195,86.98664563177053,Address_436,18,"('6 AM', '2 PM')"
437,21.004980036737688,77.85092654358385,Address_437,16,"('9 AM', '7 PM')"
438,30.16699864689462,74.29120239370056,Address_438,1,"('8 AM', '3 PM')"
439,23.386913333356222,87.85943934120246,Address_439,24,"('9 AM', '2 PM')"
440,23.260550551845032,87.95406505290404,Address_440,24,"('5 AM', '9 PM')"
441,9.507923096062294,76.28264699491385,Address_441,10,"('4 AM', '11 PM')"
442,26.532160943135292,89.49106808931471,Address_442,12,"('1 AM', '11 PM')"
443,30.397435995652994,77.01676949138712,Address_443,15,"('2 AM', '5 PM')"
444,26.53157590597444,89.65562906850761,Address_444,12,"('11 AM', '2 PM')"
445,25.909736269538275,80.80153921812867,Address_445,21,"('8 AM', '12 PM')"
446,34.320506581260354,74.28856771494333,Address_446,23,"('2 AM', '7 PM')"
447,23.781589430288506,87.00629194916277,Address_447,18,"('5 AM', '11 PM')"
448,34.211431074150774,74.36698318541572,Address_448,23,"('10 AM', '6 PM')"
449,31.60078049237709,74.87020191144079,Address_449,17,"('6 AM', '11 PM')"
450,26.453243779288776,74.63839295398576,Address_450,8,"('6 AM', '10 PM')"
451,9.483523781745523,76.33205232623982,Address_451,10,"('6 AM', '4 PM')"
452,23.898169157578312,91.2247233585269,Address_452,3,"('10 AM', '7 PM')"
453,31.634249246749448,74.86739743454102,Address_453,17,"('12 AM', '3 PM')"
454,20.68688289453135,77.08839014740359,Address_454,9,"('6 AM', '7 PM')"
455,27.381326601216404,76.49449916819495,Address_455,14,"('8 AM', '12 PM')"
456,19.277501067011645,74.91670001665895,Address_456,5,"('7 AM', '2 PM')"
457,28.40403951397663,79.42861561735555,Address_457,25,"('12 AM', '11 PM')"
458,23.61752635340512,86.96899127840072,Address_458,18,"('4 AM', '12 PM')"
459,19.831047299054724,75.32229467260136,Address_459,19,"('6 AM', '1 PM')"
460,24.775237164636415,84.14129781214314,Address_460,20,"('3 AM', '2 PM')"
461,19.882630723276595,75.34791656521541,Address_461,19,"('4 AM', '8 PM')"
462,34.19136953478733,74.34305205599644,Address_462,23,"('8 AM', '1 PM')"
463,28.530938136366768,79.42511541909637,Address_463,25,"('9 AM', '9 PM')"
464,23.11165149086105,72.51462739165044,Address_464,6,"('4 AM', '10 PM')"
465,25.558436173333902,81.7786683428057,Address_465,13,"('9 AM', '2 PM')"
466,30.058245719946143,74.24581183427624,Address_466,1,"('6 AM', '8 PM')"
467,34.20915244042838,74.34286315577245,Address_467,23,"('6 AM', '9 PM')"
468,23.639058472417513,87.02079089396923,Address_468,18,"('5 AM', '11 PM')"
469,26.496276218418227,74.7177941538673,Address_469,8,"('2 AM', '5 PM')"
470,25.955355127336823,80.71960328554559,Address_470,21,"('2 AM', '8 PM')"
471,25.909302003690488,80.80416438786669,Address_471,21,"('11 AM', '2 PM')"
472,24.831298133537654,84.36910501189183,Address_472,20,"('1 AM', '7 PM')"
473,25.29440159657006,81.85322863645645,Address_473,13,"('12 AM', '4 PM')"
474,30.435159446120174,76.62937222299772,Address_474,15,"('1 AM', '3 PM')"
475,25.431308648520474,81.82346150801499,Address_475,13,"('2 AM', '9 PM')"
476,23.839341458980865,91.28241379324376,Address_476,3,"('4 AM', '6 PM')"
477,28.288903819070537,79.1885640498619,Address_477,25,"('5 AM', '12 PM')"
478,20.61715753259046,77.0008910835102,Address_478,9,"('8 AM', '6 PM')"
479,23.865608199747093,92.78373317438349,Address_479,7,"('6 AM', '2 PM')"
480,24.591714006898233,84.3516650772401,Address_480,20,"('5 AM', '3 PM')"
481,27.881047379503876,78.01065056667098,Address_481,11,"('6 AM', '7 PM')"
482,23.686138967590093,86.98476458702763,Address_482,18,"('6 AM', '9 PM')"
483,20.748884089230927,77.07215546508097,Address_483,9,"('8 AM', '12 PM')"
484,20.6477571535686,76.95370970912819,Address_484,9,"('2 AM', '3 PM')"
485,19.00251995734217,74.85120730510774,Address_485,5,"('2 AM', '8 PM')"
486,34.25819487980727,74.47333987315544,Address_486,23,"('5 AM', '12 PM')"
487,19.396438975383557,78.31699489295889,Address_487,2,"('11 AM', '8 PM')"
488,27.433786795056278,76.74848702158181,Address_488,14,"('3 AM', '2 PM')"
489,24.74607070401553,84.40692887163246,Address_489,20,"('8 AM', '3 PM')"
490,28.693264823352965,79.16419597588781,Address_490,22,"('6 AM', '6 PM')"
491,28.28544503980951,79.34726595006778,Address_491,25,"('2 AM', '2 PM')"
492,34.212463362822135,74.30846334546595,Address_492,23,"('4 AM', '8 PM')"
493,23.813477006865842,91.295009697629,Address_493,3,"('2 AM', '10 PM')"
494,20.649195009781586,76.9912558309895,Address_494,9,"('11 AM', '12 PM')"
495,27.22851760771388,78.04192230931758,Address_495,4,"('6 AM', '11 PM')"
496,31.649419268815674,74.87897435507058,Address_496,17,"('5 AM', '2 PM')"
497,23.855210369747336,92.4733576709611,Address_497,7,"('11 AM', '5 PM')"
498,20.865251109378654,77.80034942623922,Address_498,16,"('4 AM', '8 PM')"
499,19.881927455784215,75.32781931543802,Address_499,19,"('8 AM', '4 PM')"
500,34.2327326271436,74.27587794215763,Address_500,23,"('7 AM', '6 PM')"
501,34.2070120443536,74.34524100734171,Address_501,23,"('8 AM', '3 PM')"
502,25.837740490547244,80.64622373300014,Address_502,21,"('5 AM', '4 PM')"
503,20.967221624448598,77.68044743945372,Address_503,16,"('4 AM', '12 PM')"
504,30.270876029889344,76.68477771393002,Address_504,15,"('7 AM', '5 PM')"
505,24.712166025149894,84.45789496840074,Address_505,20,"('6 AM', '4 PM')"
506,20.790525873762107,76.99325723874406,Address_506,9,"('8 AM', '7 PM')"
507,19.049241918611333,74.83608726912173,Address_507,5,"('7 AM', '12 PM')"
508,19.878931320412285,75.32638552463531,Address_508,19,"('7 AM', '10 PM')"
509,34.16603209300292,74.26011248830663,Address_509,23,"('11 AM', '11 PM')"
510,20.9340163427344,77.76776286965662,Address_510,16,"('10 AM', '6 PM')"
511,30.528776275888898,76.85848259330228,Address_511,15,"('9 AM', '1 PM')"
512,30.238051277456787,76.65071805526482,Address_512,15,"('8 AM', '2 PM')"
513,31.643151779816247,74.79154489239018,Address_513,17,"('4 AM', '10 PM')"
514,26.465276932446717,89.4487233066915,Address_514,12,"('10 AM', '7 PM')"
515,27.20071584224064,78.06165068596061,Address_515,4,"('12 AM', '6 PM')"
516,27.27526246064063,77.94051041974753,Address_516,4,"('12 AM', '12 PM')"
517,23.68745654026764,86.98077890280638,Address_517,18,"('1 AM', '9 PM')"
518,31.613736578669197,74.8088360331108,Address_518,17,"('1 AM', '6 PM')"
519,19.366632441840782,78.23859768401006,Address_519,2,"('1 AM', '3 PM')"
520,25.834399549481784,80.89936870768041,Address_520,21,"('4 AM', '3 PM')"
521,27.65835942705638,76.5833032181819,Address_521,14,"('8 AM', '5 PM')"
522,19.451505682840605,78.2837543562153,Address_522,2,"('8 AM', '11 PM')"
523,23.025545005021623,72.57873125373851,Address_523,6,"('7 AM', '2 PM')"
524,30.29758406566245,76.82883579251094,Address_524,15,"('12 AM', '11 PM')"
525,34.30878851762576,74.20466885712734,Address_525,23,"('10 AM', '12 PM')"
526,23.92280991555545,91.23631115734125,Address_526,3,"('10 AM', '11 PM')"
527,25.930202486782537,80.86621371266111,Address_527,21,"('8 AM', '3 PM')"
528,19.16775049599165,74.75686952594621,Address_528,5,"('4 AM', '3 PM')"
529,23.765097039307342,92.897163457466,Address_529,7,"('5 AM', '12 PM')"
530,20.647584161675226,77.05363056552821,Address_530,9,"('6 AM', '11 PM')"
531,27.0738707103702,78.11124193010208,Address_531,4,"('9 AM', '10 PM')"
532,28.153736176426644,79.35520919028723,Address_532,25,"('9 AM', '11 PM')"
533,25.83902891224176,80.90134127496104,Address_533,21,"('7 AM', '1 PM')"
534,28.926013246713566,79.18468634488953,Address_534,22,"('6 AM', '8 PM')"
535,23.26770381263064,87.84623921934511,Address_535,24,"('1 AM', '1 PM')"
536,23.670492265471555,86.98012431947225,Address_536,18,"('8 AM', '4 PM')"
537,28.834270727183647,79.11442899282976,Address_537,22,"('9 AM', '5 PM')"
538,23.685530766721808,86.9741609200606,Address_538,18,"('9 AM', '1 PM')"
539,25.891252302474832,80.79511797221501,Address_539,21,"('1 AM', '1 PM')"
540,25.373967771223395,81.77453325281618,Address_540,13,"('10 AM', '10 PM')"
541,20.717994401409257,77.04765719981279,Address_541,9,"('1 AM', '3 PM')"
542,28.3956939832213,79.35071828494112,Address_542,25,"('11 AM', '2 PM')"
543,20.7361776394072,77.08513498432175,Address_543,9,"('7 AM', '12 PM')"
544,23.69439531357707,86.99473405213695,Address_544,18,"('4 AM', '1 PM')"
545,19.308898197110445,78.28150258736675,Address_545,2,"('9 AM', '7 PM')"
546,19.40813911901641,78.3035376445959,Address_546,2,"('9 AM', '2 PM')"
547,28.296810016813897,79.46495555234324,Address_547,25,"('7 AM', '6 PM')"
548,28.7761947283711,79.03547793774115,Address_548,22,"('2 AM', '11 PM')"
549,26.4235227786525,74.64442509406541,Address_549,8,"('6 AM', '7 PM')"
550,28.748976576417714,78.86512079126072,Address_550,22,"('4 AM', '5 PM')"
551,24.54819355079762,84.36729366789213,Address_551,20,"('8 AM', '12 PM')"
552,24.71908558167527,84.64802521700459,Address_552,20,"('2 AM', '4 PM')"
553,28.720436905437705,79.02223647989524,Address_553,22,"('10 AM', '2 PM')"
554,26.508619649662307,74.54155134842038,Address_554,8,"('4 AM', '3 PM')"
555,20.792532786186253,76.98290397326996,Address_555,9,"('6 AM', '3 PM')"
556,28.8049504882429,79.05893441410358,Address_556,22,"('2 AM', '1 PM')"
557,27.884898141840623,77.9978921577535,Address_557,11,"('11 AM', '4 PM')"
558,31.572555659458793,74.85865210666537,Address_558,17,"('8 AM', '9 PM')"
559,25.90579090152733,80.79369875292478,Address_559,21,"('10 AM', '11 PM')"
560,9.43263586148548,76.28670453971704,Address_560,10,"('3 AM', '5 PM')"
561,19.11199478682337,74.85848638012861,Address_561,5,"('11 AM', '7 PM')"
562,27.20019540958264,77.959365685495,Address_562,4,"('9 AM', '1 PM')"
563,27.558726516666542,76.61395801435408,Address_563,14,"('2 AM', '5 PM')"
564,30.133443439847728,74.32326319819329,Address_564,1,"('10 AM', '5 PM')"
565,23.783695394130774,91.2043393473179,Address_565,3,"('10 AM', '8 PM')"
566,27.086583901491448,77.99749070634826,Address_566,4,"('8 AM', '9 PM')"
567,26.463589210123157,74.7087394322436,Address_567,8,"('11 AM', '7 PM')"
568,28.788573041694576,78.98555546877613,Address_568,22,"('10 AM', '7 PM')"
569,34.12369541646657,74.40368433014397,Address_569,23,"('8 AM', '10 PM')"
570,18.96025735376656,74.55526517535175,Address_570,5,"('12 AM', '8 PM')"
571,27.70795570443484,78.24120076804684,Address_571,11,"('1 AM', '8 PM')"
572,9.440742559368385,76.23039651202745,Address_572,10,"('5 AM', '6 PM')"
573,23.68188824770382,86.9802349043228,Address_573,18,"('4 AM', '5 PM')"
574,28.81613536958695,79.00643441032643,Address_574,22,"('11 AM', '8 PM')"
575,23.710239290325564,92.94539366127127,Address_575,7,"('10 AM', '2 PM')"
576,20.89147706921106,77.67333235858095,Address_576,16,"('7 AM', '10 PM')"
577,31.59921434248857,74.89709134826768,Address_577,17,"('10 AM', '11 PM')"
578,28.887665083127754,78.9663714037434,Address_578,22,"('4 AM', '7 PM')"
579,22.905593292243797,72.57709122942698,Address_579,6,"('11 AM', '1 PM')"
580,19.300336108839105,78.28140842929997,Address_580,2,"('6 AM', '6 PM')"
581,23.336443937522922,87.79034499797079,Address_581,24,"('5 AM', '12 PM')"
582,23.70106248390738,86.93569668008247,Address_582,18,"('9 AM', '5 PM')"
583,22.875584104167956,72.79297051027176,Address_583,6,"('8 AM', '3 PM')"
584,34.24235484709646,74.27032309918174,Address_584,23,"('10 AM', '4 PM')"
585,25.794578320203748,80.84039722812997,Address_585,21,"('11 AM', '11 PM')"
586,31.59836412094754,74.87334791123533,Address_586,17,"('5 AM', '7 PM')"
587,19.370712240268748,78.33948566278134,Address_587,2,"('10 AM', '5 PM')"
588,23.245983408373814,87.74230191670809,Address_588,24,"('4 AM', '4 PM')"
589,25.81414118220885,80.67988861688261,Address_589,21,"('9 AM', '1 PM')"
590,19.386190519747736,78.32612089816519,Address_590,2,"('6 AM', '6 PM')"
591,27.925977909129426,78.15644187367074,Address_591,11,"('3 AM', '7 PM')"
592,27.429716190488282,76.5164492162356,Address_592,14,"('6 AM', '11 PM')"
593,27.571948977900178,76.6267017698852,Address_593,14,"('7 AM', '9 PM')"
594,23.67243560367978,92.58642514781539,Address_594,7,"('2 AM', '8 PM')"
595,24.889441906219393,84.30195281100812,Address_595,20,"('1 AM', '1 PM')"
596,23.065373370132903,72.71713446148726,Address_596,6,"('5 AM', '1 PM')"
597,26.48976564838795,89.56093229063474,Address_597,12,"('1 AM', '7 PM')"
598,30.140351760737598,76.67761917744198,Address_598,15,"('8 AM', '2 PM')"
599,34.201227542259495,74.31306779597382,Address_599,23,"('9 AM', '12 PM')"
600,25.556121703889353,81.94158383739509,Address_600,13,"('7 AM', '3 PM')"
601,28.360717253618162,79.28504586639741,Address_601,25,"('8 AM', '8 PM')"
602,23.635953682224784,86.91014962295098,Address_602,18,"('1 AM', '9 PM')"
603,30.13707803907286,74.2183754157186,Address_603,1,"('3 AM', '3 PM')"
604,23.014536480571138,72.7018535763924,Address_604,6,"('4 AM', '2 PM')"
605,19.30603459027728,78.2602176352285,Address_605,2,"('8 AM', '4 PM')"
606,26.477534058408487,74.69995042643285,Address_606,8,"('12 AM', '5 PM')"
607,26.36458197055538,89.56297526834634,Address_607,12,"('1 AM', '12 PM')"
608,22.886558853839315,72.68733576228557,Address_608,6,"('7 AM', '9 PM')"
609,25.904566867274294,80.68169343974147,Address_609,21,"('9 AM', '11 PM')"
610,26.373004541615582,74.63782810554625,Address_610,8,"('6 AM', '11 PM')"
611,24.940598367182396,84.20733966078106,Address_611,20,"('4 AM', '10 PM')"
612,30.089410135040634,74.21232728266082,Address_612,1,"('2 AM', '7 PM')"
613,34.18742220089004,74.32714585591461,Address_613,23,"('10 AM', '1 PM')"
614,34.13275058143087,74.48880689559583,Address_614,23,"('7 AM', '6 PM')"
615,31.662008357502256,74.76896248655576,Address_615,17,"('9 AM', '9 PM')"
616,28.269223773113904,79.43019941250621,Address_616,25,"('11 AM', '12 PM')"
617,20.91533790474229,77.72630252956004,Address_617,16,"('5 AM', '11 PM')"
618,19.451071428979112,78.33323792410454,Address_618,2,"('2 AM', '9 PM')"
619,23.11244587087403,72.68521333394939,Address_619,6,"('12 AM', '10 PM')"
620,19.220623181412293,74.76303755572478,Address_620,5,"('6 AM', '12 PM')"
621,23.689034804460324,86.98102859976002,Address_621,18,"('5 AM', '7 PM')"
622,20.9467266396194,77.74463428803465,Address_622,16,"('11 AM', '7 PM')"
623,25.39493232761484,81.80250753281152,Address_623,13,"('4 AM', '8 PM')"
624,25.415881793739327,81.90197759111918,Address_624,13,"('9 AM', '4 PM')"
625,23.592592963917923,92.62882707560422,Address_625,7,"('2 AM', '4 PM')"
626,20.937641401542145,77.79763104155388,Address_626,16,"('12 AM', '10 PM')"
627,23.261471239218405,72.58731328674835,Address_627,6,"('2 AM', '11 PM')"
628,23.839372385856226,91.25611541882027,Address_628,3,"('8 AM', '4 PM')"
629,20.769857650276208,77.06401887516209,Address_629,9,"('9 AM', '12 PM')"
630,23.61004806997825,87.06607296352446,Address_630,18,"('2 AM', '7 PM')"
631,24.846101413110055,84.3466201427501,Address_631,20,"('3 AM', '10 PM')"
632,19.36811623569497,78.34454051382127,Address_632,2,"('11 AM', '9 PM')"
633,19.07753283232709,74.69008291769195,Address_633,5,"('11 AM', '10 PM')"
634,23.84703122185277,91.2720431827311,Address_634,3,"('1 AM', '4 PM')"
635,25.428506897032722,81.82586258228471,Address_635,13,"('10 AM', '11 PM')"
636,23.054967680990412,72.52122132635706,Address_636,6,"('4 AM', '10 PM')"
637,23.227747458085958,87.74316225098583,Address_637,24,"('2 AM', '1 PM')"
638,23.68428837084435,86.98198381325165,Address_638,18,"('5 AM', '1 PM')"
639,24.85356840476733,84.54975269236473,Address_639,20,"('1 AM', '1 PM')"
640,23.193718440227485,72.41881101412093,Address_640,6,"('9 AM', '5 PM')"
641,20.67795569694641,76.91496376279908,Address_641,9,"('1 AM', '10 PM')"
642,19.44401839262219,78.32298178039669,Address_642,2,"('10 AM', '10 PM')"
643,23.052250066321154,72.52895997181912,Address_643,6,"('9 AM', '5 PM')"
644,28.317750743703037,79.52233976481976,Address_644,25,"('5 AM', '5 PM')"
645,24.762830128736063,84.36751045060078,Address_645,20,"('11 AM', '7 PM')"
646,28.24265598605604,79.31996871514028,Address_646,25,"('4 AM', '7 PM')"
647,27.750127586030302,78.03884201396973,Address_647,11,"('3 AM', '2 PM')"
648,22.924376638143254,72.57269485060014,Address_648,6,"('9 AM', '3 PM')"
649,23.66584228287604,86.99611314209568,Address_649,18,"('11 AM', '5 PM')"
650,27.121144796592002,78.00728595987438,Address_650,4,"('5 AM', '4 PM')"
651,24.77610109685002,84.2900738154944,Address_651,20,"('7 AM', '3 PM')"
652,28.2330690531289,79.45328913072034,Address_652,25,"('6 AM', '8 PM')"
653,27.557457520354916,76.64491569603032,Address_653,14,"('9 AM', '2 PM')"
654,20.871367342943184,77.78648279597314,Address_654,16,"('7 AM', '11 PM')"
655,24.68891511045209,84.29829180534352,Address_655,20,"('10 AM', '6 PM')"
656,25.8078110999376,80.78222899353614,Address_656,21,"('10 AM', '5 PM')"
657,24.748578008534203,84.21355778213953,Address_657,20,"('4 AM', '4 PM')"
658,34.266951264385234,74.28251501395073,Address_658,23,"('12 AM', '7 PM')"
659,25.384872764991876,81.78416932817687,Address_659,13,"('3 AM', '9 PM')"
660,19.026347178703716,74.66429585862643,Address_660,5,"('9 AM', '7 PM')"
661,25.422081996979813,81.95622800947895,Address_661,13,"('12 AM', '5 PM')"
662,23.78083302050686,92.65546424168649,Address_662,7,"('10 AM', '12 PM')"
663,28.397043463397527,79.50081361755623,Address_663,25,"('2 AM', '10 PM')"
664,19.38136542001699,78.30696880969089,Address_664,2,"('11 AM', '10 PM')"
665,23.651024734251447,86.99882008911455,Address_665,18,"('4 AM', '4 PM')"
666,23.27013850749176,87.8679677314616,Address_666,24,"('10 AM', '4 PM')"
667,26.434436275749103,74.61312233601171,Address_667,8,"('3 AM', '8 PM')"
668,28.409844555042834,79.36143539916561,Address_668,25,"('7 AM', '7 PM')"
669,23.79195575962556,91.30220850074673,Address_669,3,"('7 AM', '12 PM')"
670,19.832529663858605,75.37210643028165,Address_670,19,"('1 AM', '7 PM')"
671,25.954294922366525,80.71841777954863,Address_671,21,"('10 AM', '2 PM')"
672,20.638698948610646,77.00741866691737,Address_672,9,"('4 AM', '10 PM')"
673,27.87019794020494,78.27160119249635,Address_673,11,"('1 AM', '9 PM')"
674,19.934908681670898,75.4082227763871,Address_674,19,"('8 AM', '1 PM')"
675,23.002394773310364,72.61349639081544,Address_675,6,"('5 AM', '11 PM')"
676,27.223853858014238,78.02225698539063,Address_676,4,"('1 AM', '2 PM')"
677,23.498859536213132,92.71988438299368,Address_677,7,"('7 AM', '4 PM')"
678,24.8690287661784,84.50930811795789,Address_678,20,"('1 AM', '10 PM')"
679,23.81402954737768,91.17561021586299,Address_679,3,"('8 AM', '8 PM')"
680,22.941506279149024,72.53714126379374,Address_680,6,"('12 AM', '10 PM')"
681,19.17840040466122,74.74933040632712,Address_681,5,"('4 AM', '10 PM')"
682,23.66811617935517,86.95511339181132,Address_682,18,"('10 AM', '11 PM')"
683,23.211286015885186,87.8469293860948,Address_683,24,"('11 AM', '10 PM')"
684,9.392500859017305,76.33810513758947,Address_684,10,"('1 AM', '3 PM')"
685,30.337746432512315,76.79312062947461,Address_685,15,"('10 AM', '11 PM')"
686,23.085519765763937,72.58815663521096,Address_686,6,"('7 AM', '4 PM')"
687,24.707226661606907,84.40956375485325,Address_687,20,"('9 AM', '8 PM')"
688,23.68108517889326,86.9745984668779,Address_688,18,"('9 AM', '11 PM')"
689,23.916093770141796,92.69341677690599,Address_689,7,"('9 AM', '9 PM')"
690,34.204250401640806,74.32050923904556,Address_690,23,"('11 AM', '10 PM')"
691,23.938392109388968,91.31142693027637,Address_691,3,"('3 AM', '2 PM')"
692,9.45424493880605,76.3133972283677,Address_692,10,"('1 AM', '1 PM')"
693,9.537849504994892,76.21465738242755,Address_693,10,"('10 AM', '9 PM')"
694,23.87663995122066,91.33983664844192,Address_694,3,"('11 AM', '1 PM')"
695,20.664170758008893,77.06095288948505,Address_695,9,"('6 AM', '5 PM')"
696,23.69072269524297,92.82359283263008,Address_696,7,"('10 AM', '8 PM')"
697,31.624755271755603,74.92389237546182,Address_697,17,"('2 AM', '3 PM')"
698,28.747025163491372,78.89840707850679,Address_698,22,"('6 AM', '12 PM')"
699,9.42060554486314,76.30922804236643,Address_699,10,"('10 AM', '6 PM')"
700,28.85148764175435,79.00373203789295,Address_700,22,"('4 AM', '7 PM')"
701,20.647780575262747,77.01077611406731,Address_701,9,"('12 AM', '2 PM')"
702,27.74373891875958,77.8970317784965,Address_702,11,"('2 AM', '4 PM')"
703,28.662995035294884,79.03883962768381,Address_703,22,"('10 AM', '2 PM')"
704,23.80401238198006,91.3048439714827,Address_704,3,"('9 AM', '9 PM')"
705,26.44350084249188,89.53792572180286,Address_705,12,"('6 AM', '4 PM')"
706,28.341277776153625,79.42077890125188,Address_706,25,"('1 AM', '6 PM')"
707,20.69600640559071,77.04248851271811,Address_707,9,"('11 AM', '10 PM')"
708,34.23162992146034,74.43069143203545,Address_708,23,"('11 AM', '6 PM')"
709,19.47613644388875,78.29607281214551,Address_709,2,"('10 AM', '8 PM')"
710,28.377900302541796,79.3600220242221,Address_710,25,"('8 AM', '9 PM')"
711,23.866725753098518,92.5782600439236,Address_711,7,"('8 AM', '11 PM')"
712,20.972237177229992,77.74679185702537,Address_712,16,"('9 AM', '6 PM')"
713,23.26371108888627,87.85278826820378,Address_713,24,"('9 AM', '2 PM')"
714,19.413266613931608,78.30249277702507,Address_714,2,"('10 AM', '3 PM')"
715,24.929949176766836,84.41059523036664,Address_715,20,"('1 AM', '2 PM')"
716,20.709447118522565,76.95899398251525,Address_716,9,"('3 AM', '3 PM')"
717,23.760086123463218,86.95453515531388,Address_717,18,"('1 AM', '2 PM')"
718,27.18855626052805,77.87423803893869,Address_718,4,"('7 AM', '6 PM')"
719,23.61634186939564,86.92434215277014,Address_719,18,"('5 AM', '12 PM')"
720,20.71170339917834,76.89699080621234,Address_720,9,"('12 AM', '11 PM')"
721,31.559622119246114,74.82333412523168,Address_721,17,"('12 AM', '1 PM')"
722,26.448666898306314,89.53300652817293,Address_722,12,"('10 AM', '1 PM')"
723,20.713212322752515,77.02662695664748,Address_723,9,"('12 AM', '1 PM')"
724,28.050991084640508,78.20039470889292,Address_724,11,"('7 AM', '12 PM')"
725,23.863025725037463,92.6756391919961,Address_725,7,"('7 AM', '4 PM')"
726,27.147655487839746,77.90464099435356,Address_726,4,"('10 AM', '11 PM')"
727,23.05618534353429,72.6941886398397,Address_727,6,"('12 AM', '10 PM')"
728,27.168312340254964,77.9111939053088,Address_728,4,"('9 AM', '5 PM')"
729,27.872864163900203,78.1259681707725,Address_729,11,"('9 AM', '6 PM')"
730,31.68665219704857,74.74717928155351,Address_730,17,"('4 AM', '9 PM')"
731,9.475582006979483,76.32856902208735,Address_731,10,"('3 AM', '1 PM')"
732,34.207106924153614,74.3489242716156,Address_732,23,"('4 AM', '9 PM')"
733,25.979153746376195,80.87235083433966,Address_733,21,"('8 AM', '5 PM')"
734,26.415745706080436,89.54160839003886,Address_734,12,"('4 AM', '3 PM')"
735,25.364436755394856,81.88779873115458,Address_735,13,"('11 AM', '11 PM')"
736,19.90522307828125,75.25496383724996,Address_736,19,"('8 AM', '9 PM')"
737,27.8648702420861,77.85669515882967,Address_737,11,"('10 AM', '5 PM')"
738,31.606334130253828,74.9708446397474,Address_738,17,"('11 AM', '10 PM')"
739,23.770362137234923,91.23945682897222,Address_739,3,"('10 AM', '12 PM')"
740,19.88289609846598,75.34089653313387,Address_740,19,"('8 AM', '11 PM')"
741,30.160652217314123,76.95946322940726,Address_741,15,"('11 AM', '4 PM')"
742,23.316118021469926,87.69599025196186,Address_742,24,"('4 AM', '3 PM')"
743,27.252355776071724,77.9016449073688,Address_743,4,"('3 AM', '4 PM')"
744,26.57792458028173,89.43700786431367,Address_744,12,"('3 AM', '3 PM')"
745,23.04217472788123,72.58355776286768,Address_745,6,"('5 AM', '11 PM')"
746,27.74242987798703,78.13305665311051,Address_746,11,"('10 AM', '5 PM')"
747,22.958947597395625,72.35087315620011,Address_747,6,"('1 AM', '7 PM')"
748,27.79363623462885,78.30598217572937,Address_748,11,"('7 AM', '9 PM')"
749,18.979292863449988,74.83212229162618,Address_749,5,"('9 AM', '10 PM')"
750,19.295336672131846,74.81157173567883,Address_750,5,"('6 AM', '7 PM')"
751,31.653444683994245,74.88020164060677,Address_751,17,"('12 AM', '3 PM')"
752,27.55775250214731,76.59958226668793,Address_752,14,"('7 AM', '11 PM')"
753,23.836074875969633,91.27939751399158,Address_753,3,"('1 AM', '2 PM')"
754,19.119595043956895,74.6034716244249,Address_754,5,"('4 AM', '5 PM')"
755,19.866124123795615,75.38075920966321,Address_755,19,"('2 AM', '2 PM')"
756,30.241831707333716,74.13411661935818,Address_756,1,"('11 AM', '9 PM')"
757,34.25914715862983,74.17533869498801,Address_757,23,"('6 AM', '7 PM')"
758,20.96577496464772,77.82838602902592,Address_758,16,"('11 AM', '12 PM')"
759,28.365073064987595,79.41222102068971,Address_759,25,"('8 AM', '3 PM')"
760,28.482250044186642,79.57805899307942,Address_760,25,"('11 AM', '7 PM')"
761,23.22596065428221,87.94811179824555,Address_761,24,"('2 AM', '2 PM')"
762,25.8921449895879,80.76084096036486,Address_762,21,"('12 AM', '8 PM')"
763,30.276085184642703,76.84350234771503,Address_763,15,"('1 AM', '10 PM')"
764,27.91962222554029,78.28762132311941,Address_764,11,"('3 AM', '11 PM')"
765,27.07974277970836,78.08731758827388,Address_765,4,"('12 AM', '4 PM')"
766,34.176148197828994,74.19331121518964,Address_766,23,"('8 AM', '9 PM')"
767,26.585697759850166,89.53493314482934,Address_767,12,"('7 AM', '7 PM')"
768,25.96102647016157,80.71121018255108,Address_768,21,"('8 AM', '12 PM')"
769,21.031135913305246,77.69404641385081,Address_769,16,"('8 AM', '9 PM')"
770,19.172139595685227,74.95485350270285,Address_770,5,"('1 AM', '11 PM')"
771,25.37077110831983,81.96402695910324,Address_771,13,"('4 AM', '12 PM')"
772,20.8883772356039,77.8024455984673,Address_772,16,"('8 AM', '2 PM')"
773,28.400674983158773,79.45923199972782,Address_773,25,"('4 AM', '5 PM')"
774,25.45398264664498,81.85019189946509,Address_774,13,"('4 AM', '3 PM')"
775,23.75911245949975,91.23585937232059,Address_775,3,"('11 AM', '5 PM')"
776,26.476502154699194,74.5889563204423,Address_776,8,"('11 AM', '12 PM')"
777,26.478295287304594,89.58453385249139,Address_777,12,"('3 AM', '4 PM')"
778,22.95431936734956,72.67140800539144,Address_778,6,"('9 AM', '12 PM')"
779,25.53912544215926,81.8333663183259,Address_779,13,"('2 AM', '2 PM')"
780,19.011341187437036,74.86520891222366,Address_780,5,"('7 AM', '11 PM')"
781,19.803328286442603,75.42502737505063,Address_781,19,"('12 AM', '7 PM')"
782,19.25905297437672,74.74026682003914,Address_782,5,"('8 AM', '12 PM')"
783,26.40630734839584,89.55463332406951,Address_783,12,"('2 AM', '4 PM')"
784,20.971607409196277,77.77534478631169,Address_784,16,"('7 AM', '8 PM')"
785,26.453202416750944,74.64836125174112,Address_785,8,"('3 AM', '7 PM')"
786,19.819961960326687,75.26757938993765,Address_786,19,"('4 AM', '4 PM')"
787,23.787900423710735,86.97901507396335,Address_787,18,"('8 AM', '7 PM')"
788,27.416798074000177,76.63532787108592,Address_788,14,"('7 AM', '6 PM')"
789,27.611345020971466,76.61639009330258,Address_789,14,"('12 AM', '4 PM')"
790,20.731736671670006,77.00764853941429,Address_790,9,"('10 AM', '5 PM')"
791,31.625808457930145,74.89192529834683,Address_791,17,"('5 AM', '7 PM')"
792,26.022110178163814,80.77850050568928,Address_792,21,"('4 AM', '4 PM')"
793,23.629982719669954,92.52412194613494,Address_793,7,"('2 AM', '11 PM')"
794,25.952107486440823,80.73955134183012,Address_794,21,"('8 AM', '12 PM')"
795,27.68180435516856,77.97733664568823,Address_795,11,"('1 AM', '8 PM')"
796,27.140339524130628,77.94560290716726,Address_796,4,"('10 AM', '6 PM')"
797,24.82250455302905,84.64013209153961,Address_797,20,"('9 AM', '4 PM')"
798,28.298297780983898,79.3161310791753,Address_798,25,"('3 AM', '4 PM')"
799,23.226775871167654,87.85865924841771,Address_799,24,"('8 AM', '12 PM')"
800,31.72328027217688,74.84689440190002,Address_800,17,"('1 AM', '7 PM')"
801,23.4447067027144,87.85468898426949,Address_801,24,"('4 AM', '11 PM')"
802,28.282359623695566,79.38526139592098,Address_802,25,"('8 AM', '4 PM')"
803,30.131544165077372,76.68443873556555,Address_803,15,"('10 AM', '1 PM')"
804,30.158085503409172,74.08293400194576,Address_804,1,"('6 AM', '10 PM')"
805,34.261009910416654,74.29791543329904,Address_805,23,"('1 AM', '1 PM')"
806,19.37279695205497,78.40871378510242,Address_806,2,"('9 AM', '4 PM')"
807,30.145432097813384,74.23601834559588,Address_807,1,"('11 AM', '6 PM')"
808,30.071280120506703,74.203630284102,Address_808,1,"('9 AM', '4 PM')"
809,19.417090004172966,78.40666959198784,Address_809,2,"('8 AM', '9 PM')"
810,23.181183378605287,72.49530985994649,Address_810,6,"('5 AM', '12 PM')"
811,34.162686146655446,74.2870904466173,Address_811,23,"('4 AM', '6 PM')"
812,27.916934548178077,78.09135529031165,Address_812,11,"('10 AM', '6 PM')"
813,25.325441548998786,81.93982290285366,Address_813,13,"('7 AM', '10 PM')"
814,30.227716909600463,74.13273437494391,Address_814,1,"('5 AM', '1 PM')"
815,27.123098090354212,78.08468775510859,Address_815,4,"('7 AM', '9 PM')"
816,28.242588861051818,79.60080100609328,Address_816,25,"('4 AM', '7 PM')"
817,27.808038800483835,77.91874493416206,Address_817,11,"('2 AM', '6 PM')"
818,25.381897945795224,81.80223783576248,Address_818,13,"('5 AM', '3 PM')"
819,23.36059174253167,87.82839582921919,Address_819,24,"('7 AM', '6 PM')"
820,19.35211438022888,78.27524119925943,Address_820,2,"('8 AM', '12 PM')"
821,27.97351304057389,78.02183321107323,Address_821,11,"('5 AM', '11 PM')"
822,31.5074683115685,74.87540239621757,Address_822,17,"('8 AM', '12 PM')"
823,28.868852573725388,78.88831199212359,Address_823,22,"('8 AM', '6 PM')"
824,25.46738626422023,81.72130569951312,Address_824,13,"('3 AM', '5 PM')"
825,31.66953346495632,75.00785640263847,Address_825,17,"('6 AM', '7 PM')"
826,30.147629142238188,74.33051010726481,Address_826,1,"('4 AM', '1 PM')"
827,28.22668458155097,79.49016531146872,Address_827,25,"('1 AM', '3 PM')"
828,23.78945749409154,87.01247214911757,Address_828,18,"('10 AM', '12 PM')"
829,31.685995080849413,74.76861632469534,Address_829,17,"('1 AM', '7 PM')"
830,23.829677820375377,91.31213769397289,Address_830,3,"('11 AM', '11 PM')"
831,23.120272915185765,72.54997779245578,Address_831,6,"('11 AM', '7 PM')"
832,26.37843718551531,74.70188644935286,Address_832,8,"('8 AM', '10 PM')"
833,34.20640832595839,74.33945027866845,Address_833,23,"('11 AM', '4 PM')"
834,23.073099248827337,72.6203590337739,Address_834,6,"('9 AM', '8 PM')"
835,30.150677156596586,74.26318257410638,Address_835,1,"('12 AM', '12 PM')"
836,25.449262697335612,81.7230180232729,Address_836,13,"('2 AM', '11 PM')"
837,27.942419910356605,77.82601661780187,Address_837,11,"('3 AM', '10 PM')"
838,30.144078104305173,74.19502028404875,Address_838,1,"('6 AM', '2 PM')"
839,19.361617936834456,78.39754851046523,Address_839,2,"('9 AM', '5 PM')"
840,19.946422955293233,75.2168462815812,Address_840,19,"('12 AM', '8 PM')"
841,23.956794023338617,92.74322452273445,Address_841,7,"('3 AM', '1 PM')"
842,27.644774859066445,76.48607596019043,Address_842,14,"('1 AM', '3 PM')"
843,34.21123849448604,74.30856060684621,Address_843,23,"('8 AM', '10 PM')"
844,19.937158897223224,75.37841912116599,Address_844,19,"('8 AM', '11 PM')"
845,26.02466993533346,80.85717222197403,Address_845,21,"('6 AM', '11 PM')"
846,23.863347960270218,92.71959736678934,Address_846,7,"('5 AM', '12 PM')"
847,31.527229062514426,74.95591047491477,Address_847,17,"('6 AM', '8 PM')"
848,26.479542003957956,74.63308677698245,Address_848,8,"('7 AM', '6 PM')"
849,9.468990035801992,76.25077232081809,Address_849,10,"('3 AM', '7 PM')"
850,27.927896933580787,78.02663532077337,Address_850,11,"('4 AM', '12 PM')"
851,25.37624735061535,81.76033917876116,Address_851,13,"('1 AM', '7 PM')"
852,9.489532619716126,76.34611956801426,Address_852,10,"('2 AM', '9 PM')"
853,26.444653473568458,74.6482887090671,Address_853,8,"('12 AM', '12 PM')"
854,19.854322035110037,75.45735085324047,Address_854,19,"('1 AM', '1 PM')"
855,18.94782865882546,74.52743881783681,Address_855,5,"('2 AM', '11 PM')"
856,19.427606673804107,78.3589971700219,Address_856,2,"('11 AM', '12 PM')"
857,20.706303827235402,77.01259869489344,Address_857,9,"('8 AM', '9 PM')"
858,23.192042037680768,87.77520851251666,Address_858,24,"('11 AM', '11 PM')"
859,19.88897248711248,75.33468728825325,Address_859,19,"('6 AM', '7 PM')"
860,24.777509632617207,84.41568963708517,Address_860,20,"('3 AM', '5 PM')"
861,19.50324660771776,78.26417763470774,Address_861,2,"('10 AM', '1 PM')"
862,19.94776716042561,75.34300693682658,Address_862,19,"('6 AM', '3 PM')"
863,9.561008094668109,76.26014311616944,Address_863,10,"('6 AM', '6 PM')"
864,27.402648506394534,76.49528385320102,Address_864,14,"('2 AM', '6 PM')"
865,23.847819924419852,91.25869842383803,Address_865,3,"('11 AM', '5 PM')"
866,26.534575518543768,89.53596676595267,Address_866,12,"('1 AM', '3 PM')"
867,27.187926805453277,78.00310403186384,Address_867,4,"('3 AM', '9 PM')"
868,19.118081597028574,74.79379788924383,Address_868,5,"('6 AM', '12 PM')"
869,9.562654058517408,76.40241153560896,Address_869,10,"('12 AM', '11 PM')"
870,19.983416984139527,75.3626322299077,Address_870,19,"('10 AM', '11 PM')"
871,31.62056342186269,74.87830212480432,Address_871,17,"('8 AM', '9 PM')"
872,31.613866159696535,74.87015370804927,Address_872,17,"('7 AM', '10 PM')"
873,20.624120067432806,77.05478847271442,Address_873,9,"('11 AM', '5 PM')"
874,23.766944927237407,86.97394964969598,Address_874,18,"('3 AM', '3 PM')"
875,23.036843144622676,72.62043390534825,Address_875,6,"('5 AM', '7 PM')"
876,27.751639352266995,77.98802266819698,Address_876,11,"('3 AM', '6 PM')"
877,23.934692778249087,91.28364009271455,Address_877,3,"('1 AM', '11 PM')"
878,24.89108672388078,84.29618422221608,Address_878,20,"('11 AM', '10 PM')"
879,18.97880006522186,74.50034586264829,Address_879,5,"('6 AM', '4 PM')"
880,27.878987030132855,78.06420255842869,Address_880,11,"('4 AM', '2 PM')"
881,25.456370144841145,81.82192052847219,Address_881,13,"('12 AM', '1 PM')"
882,24.564712820274675,84.51303470352387,Address_882,20,"('10 AM', '1 PM')"
883,23.752706414070197,92.7022281180588,Address_883,7,"('8 AM', '2 PM')"
884,26.370686957719826,74.65745129083044,Address_884,8,"('8 AM', '9 PM')"
885,23.858870233726655,91.22265101724035,Address_885,3,"('2 AM', '10 PM')"
886,20.765041787173065,76.93032190136557,Address_886,9,"('4 AM', '10 PM')"
887,9.518790771980479,76.29111999193462,Address_887,10,"('7 AM', '12 PM')"
888,31.622929263281364,74.88181377441082,Address_888,17,"('8 AM', '9 PM')"
889,23.433056056324883,87.90352426012764,Address_889,24,"('7 AM', '3 PM')"
890,18.963250112508163,74.61241074741598,Address_890,5,"('6 AM', '8 PM')"
891,20.707790402327127,76.91913248997713,Address_891,9,"('12 AM', '12 PM')"
892,28.630358813408638,79.1534652168607,Address_892,22,"('5 AM', '7 PM')"
893,23.68777190821659,86.94993335130334,Address_893,18,"('4 AM', '8 PM')"
894,34.35798486426946,74.30606033720188,Address_894,23,"('10 AM', '4 PM')"
895,23.751601879656665,92.90794066416089,Address_895,7,"('7 AM', '12 PM')"
896,28.33763113050805,79.4311461799368,Address_896,25,"('5 AM', '8 PM')"
897,23.028917852439477,72.74234518895615,Address_897,6,"('3 AM', '7 PM')"
898,27.178560361183028,77.99944538038271,Address_898,4,"('11 AM', '7 PM')"
899,20.978773485093924,77.80218014576175,Address_899,16,"('10 AM', '2 PM')"
900,27.195372388801573,77.99057607592941,Address_900,4,"('2 AM', '12 PM')"
901,19.863850058018347,75.31208255968156,Address_901,19,"('10 AM', '2 PM')"
902,20.761323382679407,77.02909186902686,Address_902,9,"('6 AM', '4 PM')"
903,28.821766670435107,79.14379329098551,Address_903,22,"('12 AM', '7 PM')"
904,28.875797783604,79.19065402137068,Address_904,22,"('10 AM', '2 PM')"
905,27.207235276351835,78.06035917018804,Address_905,4,"('3 AM', '5 PM')"
906,28.818084419855076,79.05362218396169,Address_906,22,"('1 AM', '9 PM')"
907,23.13967723987057,87.74139788629826,Address_907,24,"('3 AM', '2 PM')"
908,27.88517511980701,78.0758868946612,Address_908,11,"('12 AM', '9 PM')"
909,23.743191228635794,91.2865575447816,Address_909,3,"('8 AM', '5 PM')"
910,25.459177336201105,81.8063002167619,Address_910,13,"('4 AM', '2 PM')"
911,31.639840245683768,74.91826434623351,Address_911,17,"('5 AM', '6 PM')"
912,30.405625694721767,76.81271776763487,Address_912,15,"('1 AM', '5 PM')"
913,19.354959202149704,78.21877461773762,Address_913,2,"('4 AM', '1 PM')"
914,27.115157972481338,77.99416033132638,Address_914,4,"('11 AM', '10 PM')"
915,19.74384581765724,75.37251873565023,Address_915,19,"('9 AM', '1 PM')"
916,26.447895943384935,74.64564047376899,Address_916,8,"('2 AM', '6 PM')"
917,20.720086222905113,76.96119985704469,Address_917,9,"('7 AM', '8 PM')"
918,19.904635616733046,75.25143275424698,Address_918,19,"('4 AM', '3 PM')"
919,28.81642893094672,79.01027333231114,Address_919,22,"('11 AM', '1 PM')"
920,22.86583270186621,72.65065432324377,Address_920,6,"('5 AM', '10 PM')"
921,23.99628720587111,92.74948381348713,Address_921,7,"('11 AM', '2 PM')"
922,19.859473908086546,75.26714236494269,Address_922,19,"('3 AM', '4 PM')"
923,19.400751976554048,78.30568797969806,Address_923,2,"('5 AM', '9 PM')"
924,19.867103405506427,75.3120724602656,Address_924,19,"('8 AM', '8 PM')"
925,28.35175592710276,79.61034156534957,Address_925,25,"('12 AM', '5 PM')"
926,31.68036900038735,74.8646738300343,Address_926,17,"('4 AM', '10 PM')"
927,9.40470780356312,76.32848103637417,Address_927,10,"('12 AM', '6 PM')"
928,26.595195520162353,89.55362314434815,Address_928,12,"('1 AM', '8 PM')"
929,23.855747841821426,92.85203341526626,Address_929,7,"('6 AM', '7 PM')"
930,23.02605748850578,72.59426261530483,Address_930,6,"('8 AM', '1 PM')"
931,23.75823027018618,92.5755708254971,Address_931,7,"('9 AM', '7 PM')"
932,23.688024217131417,86.99293526432912,Address_932,18,"('8 AM', '4 PM')"
933,28.389220290435812,79.25511109823965,Address_933,25,"('9 AM', '5 PM')"
934,19.412932181116528,78.23381747580989,Address_934,2,"('2 AM', '9 PM')"
935,19.08261707014317,74.7379513637177,Address_935,5,"('8 AM', '6 PM')"
936,25.912371992352444,80.66859637815492,Address_936,21,"('8 AM', '1 PM')"
937,27.038883435049808,77.98223835034486,Address_937,4,"('12 AM', '2 PM')"
938,20.703601894892746,77.07487533754087,Address_938,9,"('3 AM', '2 PM')"
939,23.69739828801979,87.08180944805501,Address_939,18,"('11 AM', '7 PM')"
940,26.53505408185615,89.51712118334504,Address_940,12,"('2 AM', '2 PM')"
941,25.8916770108022,80.79002942224476,Address_941,21,"('4 AM', '9 PM')"
942,28.452866884057933,79.60380394617326,Address_942,25,"('2 AM', '10 PM')"
943,27.177589956730912,78.03244137059441,Address_943,4,"('11 AM', '7 PM')"
944,24.71301139375036,84.42754342297887,Address_944,20,"('7 AM', '2 PM')"
945,23.846899164600956,91.30941652756307,Address_945,3,"('8 AM', '5 PM')"
946,20.721520326695398,77.0155610129953,Address_946,9,"('6 AM', '7 PM')"
947,23.84920433761504,91.28912057768278,Address_947,3,"('10 AM', '11 PM')"
948,34.08817539917223,74.31936668915486,Address_948,23,"('9 AM', '1 PM')"
949,20.72273524317372,77.07160486818242,Address_949,9,"('8 AM', '4 PM')"
950,23.798234358816394,91.20442126482624,Address_950,3,"('6 AM', '8 PM')"
951,20.686772664276244,77.02602252350083,Address_951,9,"('6 AM', '10 PM')"
952,28.24318271223426,79.34758353073738,Address_952,25,"('6 AM', '7 PM')"
953,24.744676011249904,84.15815735820003,Address_953,20,"('2 AM', '12 PM')"
954,28.3106313804905,79.3373499138164,Address_954,25,"('4 AM', '8 PM')"
955,23.681910366328562,87.00703122747854,Address_955,18,"('9 AM', '9 PM')"
956,9.512629697582115,76.30831157712063,Address_956,10,"('2 AM', '10 PM')"
957,19.153255368626116,74.82174540059012,Address_957,5,"('11 AM', '10 PM')"
958,28.807303613165427,79.0419976446923,Address_958,22,"('5 AM', '6 PM')"
959,30.361987637687736,76.89149841032199,Address_959,15,"('12 AM', '9 PM')"
960,27.164369534343525,77.93354891394752,Address_960,4,"('4 AM', '4 PM')"
961,25.531869215488086,81.83856898534583,Address_961,13,"('4 AM', '5 PM')"
962,24.81907505109404,84.40000126872191,Address_962,20,"('3 AM', '7 PM')"
963,20.7046277184116,77.00291288145743,Address_963,9,"('8 AM', '12 PM')"
964,23.684365677077068,86.9830138488063,Address_964,18,"('4 AM', '1 PM')"
965,31.521937269269245,74.86572850695505,Address_965,17,"('11 AM', '8 PM')"
966,28.779023667981235,79.26850091596923,Address_966,22,"('8 AM', '8 PM')"
967,20.949976866277698,77.76124043275064,Address_967,16,"('1 AM', '9 PM')"
968,23.12830550836434,72.48763578855298,Address_968,6,"('5 AM', '4 PM')"
969,23.149498797574864,87.7999319400363,Address_969,24,"('9 AM', '6 PM')"
970,23.250219020999857,87.85777535040236,Address_970,24,"('1 AM', '5 PM')"
971,20.665430138378216,76.97959180473839,Address_971,9,"('1 AM', '9 PM')"
972,23.697518382503805,87.00538731490994,Address_972,18,"('9 AM', '7 PM')"
973,24.73984921160104,84.36610207836713,Address_973,20,"('4 AM', '4 PM')"
974,25.395768755417542,81.75216890613943,Address_974,13,"('1 AM', '9 PM')"
975,30.326657932781387,76.9797228938117,Address_975,15,"('9 AM', '1 PM')"
976,20.94579925481075,77.71734542069612,Address_976,16,"('6 AM', '10 PM')"
977,27.08877698277762,77.91118476613906,Address_977,4,"('7 AM', '6 PM')"
978,25.43594665398199,81.85390461502217,Address_978,13,"('6 AM', '6 PM')"
979,25.435201713446823,81.83357311789125,Address_979,13,"('2 AM', '12 PM')"
980,26.347882383899833,74.6203032621431,Address_980,8,"('6 AM', '4 PM')"
981,9.484491428826917,76.32686355661205,Address_981,10,"('2 AM', '3 PM')"
982,23.808803875537958,91.26323530106278,Address_982,3,"('5 AM', '10 PM')"
983,20.70621830467592,77.04058740007964,Address_983,9,"('11 AM', '8 PM')"
984,19.443186039092584,78.3048185379099,Address_984,2,"('5 AM', '1 PM')"
985,27.24223814205852,77.86604093254583,Address_985,4,"('6 AM', '6 PM')"
986,23.651990920766437,87.0008582296866,Address_986,18,"('8 AM', '6 PM')"
987,25.466177005020928,81.92717569985008,Address_987,13,"('6 AM', '3 PM')"
988,24.750032629075225,84.37245950851502,Address_988,20,"('5 AM', '2 PM')"
989,31.638069273914766,74.84595474839603,Address_989,17,"('3 AM', '6 PM')"
990,24.529892209778197,84.44702099104855,Address_990,20,"('2 AM', '3 PM')"
991,23.080067652583864,72.6684220476061,Address_991,6,"('6 AM', '10 PM')"
992,23.347857322993825,87.84050814904859,Address_992,24,"('2 AM', '9 PM')"
993,25.448056437508505,81.84178750115899,Address_993,13,"('11 AM', '3 PM')"
994,19.844140560828574,75.37506894636344,Address_994,19,"('2 AM', '7 PM')"
995,27.96077268884147,78.10973586824525,Address_995,11,"('6 AM', '6 PM')"
996,23.7372461584099,91.24112552151358,Address_996,3,"('8 AM', '12 PM')"
997,9.455525999601331,76.27625100197362,Address_997,10,"('4 AM', '5 PM')"
998,23.011579222039114,72.56257591947166,Address_998,6,"('11 AM', '3 PM')"
999,19.873133573456293,75.34183262487485,Address_999,19,"('11 AM', '8 PM')"
1000,28.193539036238334,79.27047727604338,Address_1000,25,"('5 AM', '9 PM')"
