id,List_of_items,number_of_items_per_type,total_number_of_items,store_id,operator_id,city_id
1,"[1, 2, 3, 4, 5, 6, 7, 8, 9, 10]","[64, 87, 57, 18, 78, 23, 36, 19, 42, 39]",463,1,1,22
2,"[1, 2, 3, 4, 5, 6, 7, 8, 9, 10]","[89, 47, 28, 43, 33, 65, 94, 47, 27, 17]",490,2,1,22
3,"[1, 2, 3, 4, 5, 6, 7, 8, 9, 10]","[18, 84, 59, 14, 66, 82, 66, 73, 31, 84]",577,3,1,22
4,"[1, 2, 3, 4, 5, 6, 7, 8, 9, 10]","[78, 36, 43, 74, 75, 70, 15, 72, 92, 39]",594,4,1,22
5,"[1, 2, 3, 4, 5, 6, 7, 8, 9, 10]","[90, 29, 92, 18, 71, 35, 62, 71, 90, 87]",645,5,1,22
6,"[1, 2, 3, 4, 5, 6, 7, 8, 9, 10]","[75, 35, 75, 39, 50, 70, 21, 73, 74, 28]",540,6,1,22
7,"[1, 2, 3, 4, 5, 6, 7, 8, 9, 10]","[95, 100, 32, 59, 44, 23, 99, 44, 41, 35]",572,7,1,22
8,"[1, 2, 3, 4, 5, 6, 7, 8, 9, 10]","[86, 29, 75, 89, 52, 90, 92, 24, 35, 50]",622,8,1,22
9,"[1, 2, 3, 4, 5, 6, 7, 8, 9, 10]","[80, 11, 90, 75, 29, 22, 35, 58, 25, 93]",518,9,1,22
10,"[1, 2, 3, 4, 5, 6, 7, 8, 9, 10]","[65, 52, 23, 24, 12, 46, 87, 50, 71, 14]",444,10,1,22
11,"[1, 2, 3, 4, 5, 6, 7, 8, 9, 10]","[39, 58, 73, 65, 57, 88, 12, 51, 67, 55]",565,11,1,17
12,"[1, 2, 3, 4, 5, 6, 7, 8, 9, 10]","[30, 14, 51, 84, 30, 12, 18, 53, 39, 57]",388,12,1,17
13,"[1, 2, 3, 4, 5, 6, 7, 8, 9, 10]","[34, 14, 43, 15, 13, 82, 73, 44, 68, 21]",407,13,1,17
14,"[1, 2, 3, 4, 5, 6, 7, 8, 9, 10]","[45, 14, 21, 35, 52, 71, 35, 75, 33, 14]",395,14,1,17
15,"[1, 2, 3, 4, 5, 6, 7, 8, 9, 10]","[75, 33, 45, 12, 53, 92, 41, 77, 89, 89]",606,15,1,17
16,"[1, 2, 3, 4, 5, 6, 7, 8, 9, 10]","[39, 27, 53, 98, 53, 33, 18, 30, 25, 59]",435,16,1,17
17,"[1, 2, 3, 4, 5, 6, 7, 8, 9, 10]","[37, 89, 54, 20, 77, 75, 42, 24, 70, 26]",514,17,1,17
18,"[1, 2, 3, 4, 5, 6, 7, 8, 9, 10]","[97, 75, 41, 63, 51, 87, 31, 54, 44, 37]",580,18,1,17
19,"[1, 2, 3, 4, 5, 6, 7, 8, 9, 10]","[13, 20, 78, 24, 74, 43, 22, 60, 66, 33]",433,19,1,17
20,"[1, 2, 3, 4, 5, 6, 7, 8, 9, 10]","[85, 38, 51, 48, 21, 14, 21, 31, 32, 25]",366,20,1,17
21,"[1, 2, 3, 4, 5, 6, 7, 8, 9, 10]","[90, 39, 98, 34, 56, 25, 82, 87, 18, 48]",577,21,1,13
22,"[1, 2, 3, 4, 5, 6, 7, 8, 9, 10]","[69, 17, 12, 11, 80, 27, 14, 79, 30, 67]",406,22,1,13
23,"[1, 2, 3, 4, 5, 6, 7, 8, 9, 10]","[23, 56, 15, 82, 34, 81, 20, 42, 71, 62]",486,23,1,13
24,"[1, 2, 3, 4, 5, 6, 7, 8, 9, 10]","[43, 37, 52, 54, 98, 62, 73, 68, 97, 99]",683,24,1,13
25,"[1, 2, 3, 4, 5, 6, 7, 8, 9, 10]","[25, 10, 12, 61, 97, 45, 78, 55, 10, 30]",423,25,1,13
26,"[1, 2, 3, 4, 5, 6, 7, 8, 9, 10]","[11, 61, 64, 22, 100, 68, 76, 12, 66, 86]",566,26,1,13
27,"[1, 2, 3, 4, 5, 6, 7, 8, 9, 10]","[66, 49, 63, 55, 81, 69, 18, 84, 75, 19]",579,27,1,13
28,"[1, 2, 3, 4, 5, 6, 7, 8, 9, 10]","[96, 14, 26, 83, 85, 81, 11, 30, 56, 24]",506,28,1,13
29,"[1, 2, 3, 4, 5, 6, 7, 8, 9, 10]","[78, 48, 76, 10, 36, 21, 62, 36, 18, 76]",461,29,1,13
30,"[1, 2, 3, 4, 5, 6, 7, 8, 9, 10]","[21, 23, 69, 93, 64, 36, 54, 58, 98, 91]",607,30,1,13
31,"[1, 2, 3, 4, 5, 6, 7, 8, 9, 10]","[95, 94, 70, 67, 83, 24, 76, 39, 96, 18]",662,31,1,16
32,"[1, 2, 3, 4, 5, 6, 7, 8, 9, 10]","[39, 53, 65, 50, 89, 95, 97, 21, 98, 38]",645,32,1,16
33,"[1, 2, 3, 4, 5, 6, 7, 8, 9, 10]","[89, 25, 84, 12, 45, 89, 62, 34, 72, 62]",574,33,1,16
34,"[1, 2, 3, 4, 5, 6, 7, 8, 9, 10]","[63, 98, 45, 32, 83, 81, 15, 85, 75, 100]",677,34,1,16
35,"[1, 2, 3, 4, 5, 6, 7, 8, 9, 10]","[39, 66, 29, 21, 70, 37, 18, 84, 81, 70]",515,35,1,16
36,"[1, 2, 3, 4, 5, 6, 7, 8, 9, 10]","[25, 45, 91, 98, 87, 16, 46, 100, 40, 86]",634,36,1,16
37,"[1, 2, 3, 4, 5, 6, 7, 8, 9, 10]","[68, 86, 79, 29, 39, 18, 15, 33, 28, 25]",420,37,1,16
38,"[1, 2, 3, 4, 5, 6, 7, 8, 9, 10]","[12, 22, 42, 13, 42, 24, 12, 98, 97, 87]",449,38,1,16
39,"[1, 2, 3, 4, 5, 6, 7, 8, 9, 10]","[27, 78, 30, 54, 82, 39, 79, 96, 93, 42]",620,39,1,16
40,"[1, 2, 3, 4, 5, 6, 7, 8, 9, 10]","[23, 61, 70, 94, 47, 64, 62, 40, 36, 55]",552,40,1,16
41,"[1, 2, 3, 4, 5, 6, 7, 8, 9, 10]","[80, 66, 74, 84, 98, 67, 14, 82, 73, 49]",687,41,1,15
42,"[1, 2, 3, 4, 5, 6, 7, 8, 9, 10]","[15, 88, 68, 86, 67, 72, 11, 24, 85, 98]",614,42,1,15
43,"[1, 2, 3, 4, 5, 6, 7, 8, 9, 10]","[85, 33, 59, 22, 94, 95, 30, 20, 44, 98]",580,43,1,15
44,"[1, 2, 3, 4, 5, 6, 7, 8, 9, 10]","[55, 28, 74, 12, 50, 94, 25, 15, 63, 65]",481,44,1,15
45,"[1, 2, 3, 4, 5, 6, 7, 8, 9, 10]","[61, 33, 76, 65, 71, 61, 18, 39, 88, 84]",596,45,1,15
46,"[1, 2, 3, 4, 5, 6, 7, 8, 9, 10]","[64, 52, 15, 50, 71, 44, 89, 18, 85, 49]",537,46,1,15
47,"[1, 2, 3, 4, 5, 6, 7, 8, 9, 10]","[38, 32, 86, 46, 30, 43, 87, 64, 89, 19]",534,47,1,15
48,"[1, 2, 3, 4, 5, 6, 7, 8, 9, 10]","[73, 16, 74, 31, 61, 49, 72, 54, 36, 39]",505,48,1,15
49,"[1, 2, 3, 4, 5, 6, 7, 8, 9, 10]","[26, 33, 30, 97, 78, 57, 85, 94, 79, 59]",638,49,1,15
50,"[1, 2, 3, 4, 5, 6, 7, 8, 9, 10]","[33, 45, 43, 94, 70, 63, 99, 72, 79, 35]",633,50,1,15
51,"[1, 2, 3, 4, 5, 6, 7, 8, 9, 10]","[47, 26, 57, 50, 65, 28, 87, 74, 37, 85]",556,51,1,3
52,"[1, 2, 3, 4, 5, 6, 7, 8, 9, 10]","[89, 82, 100, 13, 55, 70, 98, 94, 26, 11]",638,52,1,3
53,"[1, 2, 3, 4, 5, 6, 7, 8, 9, 10]","[52, 71, 61, 81, 21, 23, 71, 94, 56, 91]",621,53,1,3
54,"[1, 2, 3, 4, 5, 6, 7, 8, 9, 10]","[87, 50, 29, 80, 79, 60, 29, 89, 56, 99]",658,54,1,3
55,"[1, 2, 3, 4, 5, 6, 7, 8, 9, 10]","[71, 22, 71, 21, 26, 77, 97, 71, 97, 21]",574,55,1,3
56,"[1, 2, 3, 4, 5, 6, 7, 8, 9, 10]","[41, 85, 76, 54, 87, 49, 71, 85, 13, 42]",603,56,1,3
57,"[1, 2, 3, 4, 5, 6, 7, 8, 9, 10]","[92, 62, 63, 94, 29, 85, 99, 54, 44, 63]",685,57,1,3
58,"[1, 2, 3, 4, 5, 6, 7, 8, 9, 10]","[67, 89, 12, 24, 91, 52, 30, 90, 65, 50]",570,58,1,3
59,"[1, 2, 3, 4, 5, 6, 7, 8, 9, 10]","[97, 47, 89, 65, 94, 30, 93, 52, 68, 11]",646,59,1,3
60,"[1, 2, 3, 4, 5, 6, 7, 8, 9, 10]","[42, 70, 47, 94, 84, 50, 70, 55, 60, 44]",616,60,1,3
61,"[1, 2, 3, 4, 5, 6, 7, 8, 9, 10]","[47, 54, 26, 35, 17, 77, 20, 72, 21, 32]",401,61,1,25
62,"[1, 2, 3, 4, 5, 6, 7, 8, 9, 10]","[45, 24, 91, 46, 19, 64, 34, 41, 72, 57]",493,62,1,25
63,"[1, 2, 3, 4, 5, 6, 7, 8, 9, 10]","[24, 53, 13, 42, 19, 55, 71, 81, 50, 11]",419,63,1,25
64,"[1, 2, 3, 4, 5, 6, 7, 8, 9, 10]","[39, 31, 62, 53, 13, 66, 45, 14, 50, 19]",392,64,1,25
65,"[1, 2, 3, 4, 5, 6, 7, 8, 9, 10]","[95, 85, 71, 79, 22, 78, 99, 38, 89, 32]",688,65,1,25
66,"[1, 2, 3, 4, 5, 6, 7, 8, 9, 10]","[13, 99, 93, 72, 24, 25, 82, 43, 52, 40]",543,66,1,25
67,"[1, 2, 3, 4, 5, 6, 7, 8, 9, 10]","[74, 27, 77, 31, 26, 93, 78, 51, 25, 68]",550,67,1,25
68,"[1, 2, 3, 4, 5, 6, 7, 8, 9, 10]","[50, 31, 96, 19, 34, 80, 29, 40, 15, 62]",456,68,1,25
69,"[1, 2, 3, 4, 5, 6, 7, 8, 9, 10]","[49, 73, 12, 35, 41, 51, 83, 68, 34, 47]",493,69,1,25
70,"[1, 2, 3, 4, 5, 6, 7, 8, 9, 10]","[71, 41, 46, 17, 96, 22, 66, 41, 94, 99]",593,70,1,25
71,"[1, 2, 3, 4, 5, 6, 7, 8, 9, 10]","[30, 64, 22, 96, 51, 76, 71, 90, 99, 80]",679,71,1,19
72,"[1, 2, 3, 4, 5, 6, 7, 8, 9, 10]","[74, 21, 54, 97, 31, 78, 56, 17, 50, 95]",573,72,1,19
73,"[1, 2, 3, 4, 5, 6, 7, 8, 9, 10]","[34, 30, 41, 60, 32, 86, 27, 93, 74, 34]",511,73,1,19
74,"[1, 2, 3, 4, 5, 6, 7, 8, 9, 10]","[90, 33, 86, 30, 16, 62, 48, 42, 87, 28]",522,74,1,19
75,"[1, 2, 3, 4, 5, 6, 7, 8, 9, 10]","[14, 82, 72, 19, 45, 57, 78, 49, 27, 68]",511,75,1,19
76,"[1, 2, 3, 4, 5, 6, 7, 8, 9, 10]","[52, 80, 50, 69, 19, 30, 29, 59, 12, 25]",425,76,1,19
77,"[1, 2, 3, 4, 5, 6, 7, 8, 9, 10]","[60, 28, 47, 68, 32, 92, 77, 91, 76, 91]",662,77,1,19
78,"[1, 2, 3, 4, 5, 6, 7, 8, 9, 10]","[59, 97, 49, 76, 60, 18, 37, 10, 16, 55]",477,78,1,19
79,"[1, 2, 3, 4, 5, 6, 7, 8, 9, 10]","[83, 62, 34, 17, 64, 43, 25, 66, 31, 19]",444,79,1,19
80,"[1, 2, 3, 4, 5, 6, 7, 8, 9, 10]","[61, 74, 92, 41, 28, 21, 87, 79, 22, 18]",523,80,1,19
81,"[1, 2, 3, 4, 5, 6, 7, 8, 9, 10]","[33, 73, 54, 37, 86, 54, 47, 88, 27, 99]",598,81,1,12
82,"[1, 2, 3, 4, 5, 6, 7, 8, 9, 10]","[79, 71, 27, 18, 39, 66, 97, 45, 70, 96]",608,82,1,12
83,"[1, 2, 3, 4, 5, 6, 7, 8, 9, 10]","[54, 57, 36, 22, 87, 38, 15, 78, 36, 93]",516,83,1,12
84,"[1, 2, 3, 4, 5, 6, 7, 8, 9, 10]","[52, 25, 31, 17, 39, 21, 22, 15, 59, 34]",315,84,1,12
85,"[1, 2, 3, 4, 5, 6, 7, 8, 9, 10]","[41, 73, 14, 89, 28, 61, 80, 19, 56, 73]",534,85,1,12
86,"[1, 2, 3, 4, 5, 6, 7, 8, 9, 10]","[34, 69, 40, 37, 70, 16, 61, 75, 28, 87]",517,86,1,12
87,"[1, 2, 3, 4, 5, 6, 7, 8, 9, 10]","[13, 47, 37, 92, 95, 58, 66, 72, 35, 37]",552,87,1,12
88,"[1, 2, 3, 4, 5, 6, 7, 8, 9, 10]","[79, 63, 54, 24, 43, 93, 80, 51, 50, 96]",633,88,1,12
89,"[1, 2, 3, 4, 5, 6, 7, 8, 9, 10]","[89, 85, 81, 75, 94, 66, 62, 94, 74, 34]",754,89,1,12
90,"[1, 2, 3, 4, 5, 6, 7, 8, 9, 10]","[48, 55, 38, 55, 37, 11, 75, 53, 16, 47]",435,90,1,12
91,"[1, 2, 3, 4, 5, 6, 7, 8, 9, 10]","[62, 66, 99, 94, 63, 24, 53, 81, 10, 75]",627,91,1,6
92,"[1, 2, 3, 4, 5, 6, 7, 8, 9, 10]","[76, 54, 57, 60, 83, 84, 76, 49, 28, 31]",598,92,1,6
93,"[1, 2, 3, 4, 5, 6, 7, 8, 9, 10]","[77, 21, 86, 65, 63, 71, 91, 48, 43, 18]",583,93,1,6
94,"[1, 2, 3, 4, 5, 6, 7, 8, 9, 10]","[85, 71, 46, 82, 39, 77, 83, 50, 95, 16]",644,94,1,6
95,"[1, 2, 3, 4, 5, 6, 7, 8, 9, 10]","[96, 66, 78, 78, 36, 62, 60, 61, 52, 45]",634,95,1,6
96,"[1, 2, 3, 4, 5, 6, 7, 8, 9, 10]","[89, 45, 40, 42, 88, 34, 33, 23, 53, 37]",484,96,1,6
97,"[1, 2, 3, 4, 5, 6, 7, 8, 9, 10]","[38, 50, 49, 59, 85, 64, 26, 33, 83, 90]",577,97,1,6
98,"[1, 2, 3, 4, 5, 6, 7, 8, 9, 10]","[88, 81, 39, 70, 40, 58, 15, 93, 79, 68]",631,98,1,6
99,"[1, 2, 3, 4, 5, 6, 7, 8, 9, 10]","[81, 71, 48, 94, 22, 42, 29, 62, 20, 31]",500,99,1,6
100,"[1, 2, 3, 4, 5, 6, 7, 8, 9, 10]","[74, 86, 98, 10, 76, 12, 92, 80, 89, 63]",680,100,1,6
101,"[1, 2, 3, 4, 5, 6, 7, 8, 9, 10]","[87, 43, 59, 52, 30, 58, 53, 56, 65, 23]",526,101,2,25
102,"[1, 2, 3, 4, 5, 6, 7, 8, 9, 10]","[19, 98, 83, 57, 23, 44, 60, 51, 20, 65]",520,102,2,25
103,"[1, 2, 3, 4, 5, 6, 7, 8, 9, 10]","[38, 29, 86, 81, 92, 20, 35, 46, 14, 40]",481,103,2,25
104,"[1, 2, 3, 4, 5, 6, 7, 8, 9, 10]","[100, 63, 79, 31, 47, 12, 78, 64, 65, 29]",568,104,2,25
105,"[1, 2, 3, 4, 5, 6, 7, 8, 9, 10]","[87, 10, 88, 93, 68, 39, 99, 22, 62, 56]",624,105,2,25
106,"[1, 2, 3, 4, 5, 6, 7, 8, 9, 10]","[89, 87, 15, 65, 72, 49, 89, 49, 92, 88]",695,106,2,25
107,"[1, 2, 3, 4, 5, 6, 7, 8, 9, 10]","[15, 94, 26, 72, 13, 72, 100, 37, 54, 33]",516,107,2,25
108,"[1, 2, 3, 4, 5, 6, 7, 8, 9, 10]","[48, 24, 11, 99, 67, 39, 21, 90, 36, 78]",513,108,2,25
109,"[1, 2, 3, 4, 5, 6, 7, 8, 9, 10]","[32, 69, 81, 71, 97, 78, 51, 28, 27, 41]",575,109,2,25
110,"[1, 2, 3, 4, 5, 6, 7, 8, 9, 10]","[55, 47, 25, 13, 91, 24, 69, 30, 39, 32]",425,110,2,25
111,"[1, 2, 3, 4, 5, 6, 7, 8, 9, 10]","[21, 47, 81, 77, 34, 38, 43, 62, 97, 69]",569,111,2,20
112,"[1, 2, 3, 4, 5, 6, 7, 8, 9, 10]","[10, 94, 66, 76, 74, 21, 97, 73, 53, 100]",664,112,2,20
113,"[1, 2, 3, 4, 5, 6, 7, 8, 9, 10]","[58, 31, 80, 44, 28, 80, 79, 23, 48, 42]",513,113,2,20
114,"[1, 2, 3, 4, 5, 6, 7, 8, 9, 10]","[66, 94, 64, 21, 83, 82, 62, 76, 28, 17]",593,114,2,20
115,"[1, 2, 3, 4, 5, 6, 7, 8, 9, 10]","[33, 79, 100, 65, 35, 45, 26, 32, 47, 56]",518,115,2,20
116,"[1, 2, 3, 4, 5, 6, 7, 8, 9, 10]","[42, 25, 13, 11, 50, 83, 39, 41, 93, 37]",434,116,2,20
117,"[1, 2, 3, 4, 5, 6, 7, 8, 9, 10]","[59, 45, 12, 33, 24, 98, 82, 53, 53, 19]",478,117,2,20
118,"[1, 2, 3, 4, 5, 6, 7, 8, 9, 10]","[23, 24, 71, 19, 89, 18, 60, 52, 44, 55]",455,118,2,20
119,"[1, 2, 3, 4, 5, 6, 7, 8, 9, 10]","[95, 98, 90, 56, 68, 57, 83, 92, 86, 38]",763,119,2,20
120,"[1, 2, 3, 4, 5, 6, 7, 8, 9, 10]","[48, 88, 67, 99, 85, 63, 98, 76, 66, 39]",729,120,2,20
121,"[1, 2, 3, 4, 5, 6, 7, 8, 9, 10]","[15, 67, 33, 12, 87, 92, 81, 99, 60, 86]",632,121,2,17
122,"[1, 2, 3, 4, 5, 6, 7, 8, 9, 10]","[80, 98, 80, 57, 28, 68, 96, 42, 91, 19]",659,122,2,17
123,"[1, 2, 3, 4, 5, 6, 7, 8, 9, 10]","[57, 36, 60, 45, 61, 58, 50, 49, 70, 97]",583,123,2,17
124,"[1, 2, 3, 4, 5, 6, 7, 8, 9, 10]","[15, 96, 95, 81, 58, 12, 41, 46, 29, 34]",507,124,2,17
125,"[1, 2, 3, 4, 5, 6, 7, 8, 9, 10]","[52, 54, 41, 92, 36, 64, 95, 82, 40, 30]",586,125,2,17
126,"[1, 2, 3, 4, 5, 6, 7, 8, 9, 10]","[66, 47, 37, 59, 99, 43, 14, 40, 94, 53]",552,126,2,17
127,"[1, 2, 3, 4, 5, 6, 7, 8, 9, 10]","[79, 12, 25, 79, 71, 45, 14, 84, 88, 49]",546,127,2,17
128,"[1, 2, 3, 4, 5, 6, 7, 8, 9, 10]","[76, 13, 35, 90, 100, 13, 86, 83, 90, 88]",674,128,2,17
129,"[1, 2, 3, 4, 5, 6, 7, 8, 9, 10]","[50, 86, 11, 65, 88, 67, 49, 10, 79, 76]",581,129,2,17
130,"[1, 2, 3, 4, 5, 6, 7, 8, 9, 10]","[88, 75, 54, 94, 63, 20, 73, 15, 53, 19]",554,130,2,17
131,"[1, 2, 3, 4, 5, 6, 7, 8, 9, 10]","[10, 82, 13, 96, 33, 31, 36, 61, 24, 89]",475,131,2,13
132,"[1, 2, 3, 4, 5, 6, 7, 8, 9, 10]","[40, 29, 21, 28, 59, 42, 37, 55, 38, 39]",388,132,2,13
133,"[1, 2, 3, 4, 5, 6, 7, 8, 9, 10]","[15, 22, 22, 26, 45, 74, 28, 52, 43, 83]",410,133,2,13
134,"[1, 2, 3, 4, 5, 6, 7, 8, 9, 10]","[38, 96, 53, 35, 21, 22, 18, 73, 47, 75]",478,134,2,13
135,"[1, 2, 3, 4, 5, 6, 7, 8, 9, 10]","[62, 59, 66, 54, 27, 60, 41, 93, 60, 60]",582,135,2,13
136,"[1, 2, 3, 4, 5, 6, 7, 8, 9, 10]","[51, 94, 23, 81, 37, 15, 88, 82, 58, 32]",561,136,2,13
137,"[1, 2, 3, 4, 5, 6, 7, 8, 9, 10]","[33, 28, 64, 33, 69, 92, 74, 79, 66, 53]",591,137,2,13
138,"[1, 2, 3, 4, 5, 6, 7, 8, 9, 10]","[13, 14, 32, 43, 46, 34, 11, 17, 26, 51]",287,138,2,13
139,"[1, 2, 3, 4, 5, 6, 7, 8, 9, 10]","[77, 32, 35, 35, 87, 40, 46, 45, 25, 36]",458,139,2,13
140,"[1, 2, 3, 4, 5, 6, 7, 8, 9, 10]","[79, 57, 83, 21, 93, 97, 84, 84, 15, 93]",706,140,2,13
141,"[1, 2, 3, 4, 5, 6, 7, 8, 9, 10]","[100, 37, 90, 59, 95, 49, 65, 10, 16, 52]",573,141,2,16
142,"[1, 2, 3, 4, 5, 6, 7, 8, 9, 10]","[23, 99, 54, 10, 84, 42, 44, 83, 36, 23]",498,142,2,16
143,"[1, 2, 3, 4, 5, 6, 7, 8, 9, 10]","[27, 94, 91, 94, 28, 94, 63, 28, 95, 90]",704,143,2,16
144,"[1, 2, 3, 4, 5, 6, 7, 8, 9, 10]","[67, 90, 39, 74, 75, 74, 92, 67, 93, 92]",763,144,2,16
145,"[1, 2, 3, 4, 5, 6, 7, 8, 9, 10]","[52, 58, 49, 27, 100, 47, 91, 71, 67, 64]",626,145,2,16
146,"[1, 2, 3, 4, 5, 6, 7, 8, 9, 10]","[70, 18, 22, 40, 58, 76, 34, 56, 33, 31]",438,146,2,16
147,"[1, 2, 3, 4, 5, 6, 7, 8, 9, 10]","[91, 14, 26, 47, 87, 78, 87, 75, 25, 16]",546,147,2,16
148,"[1, 2, 3, 4, 5, 6, 7, 8, 9, 10]","[84, 79, 82, 19, 36, 72, 25, 90, 48, 54]",589,148,2,16
149,"[1, 2, 3, 4, 5, 6, 7, 8, 9, 10]","[20, 22, 71, 52, 83, 33, 46, 13, 43, 15]",398,149,2,16
150,"[1, 2, 3, 4, 5, 6, 7, 8, 9, 10]","[48, 78, 80, 90, 31, 11, 23, 43, 19, 16]",439,150,2,16
151,"[1, 2, 3, 4, 5, 6, 7, 8, 9, 10]","[55, 19, 88, 41, 18, 17, 70, 86, 31, 85]",510,151,2,12
152,"[1, 2, 3, 4, 5, 6, 7, 8, 9, 10]","[56, 86, 47, 75, 27, 51, 89, 42, 56, 73]",602,152,2,12
153,"[1, 2, 3, 4, 5, 6, 7, 8, 9, 10]","[23, 55, 84, 78, 87, 68, 78, 27, 35, 50]",585,153,2,12
154,"[1, 2, 3, 4, 5, 6, 7, 8, 9, 10]","[86, 64, 72, 67, 56, 40, 40, 25, 83, 78]",611,154,2,12
155,"[1, 2, 3, 4, 5, 6, 7, 8, 9, 10]","[74, 52, 78, 41, 44, 72, 97, 79, 16, 19]",572,155,2,12
156,"[1, 2, 3, 4, 5, 6, 7, 8, 9, 10]","[41, 22, 11, 85, 52, 49, 44, 67, 29, 89]",489,156,2,12
157,"[1, 2, 3, 4, 5, 6, 7, 8, 9, 10]","[50, 29, 18, 63, 72, 11, 45, 97, 36, 65]",486,157,2,12
158,"[1, 2, 3, 4, 5, 6, 7, 8, 9, 10]","[15, 74, 52, 19, 30, 37, 42, 48, 74, 100]",491,158,2,12
159,"[1, 2, 3, 4, 5, 6, 7, 8, 9, 10]","[90, 15, 94, 12, 51, 80, 53, 39, 56, 39]",529,159,2,12
160,"[1, 2, 3, 4, 5, 6, 7, 8, 9, 10]","[79, 45, 50, 69, 75, 47, 21, 58, 66, 22]",532,160,2,12
161,"[1, 2, 3, 4, 5, 6, 7, 8, 9, 10]","[94, 80, 85, 32, 84, 14, 47, 64, 82, 62]",644,161,2,19
162,"[1, 2, 3, 4, 5, 6, 7, 8, 9, 10]","[98, 83, 27, 90, 28, 52, 92, 68, 60, 10]",608,162,2,19
163,"[1, 2, 3, 4, 5, 6, 7, 8, 9, 10]","[99, 92, 28, 95, 59, 26, 20, 73, 35, 38]",565,163,2,19
164,"[1, 2, 3, 4, 5, 6, 7, 8, 9, 10]","[100, 38, 92, 50, 78, 14, 90, 84, 51, 18]",615,164,2,19
165,"[1, 2, 3, 4, 5, 6, 7, 8, 9, 10]","[62, 95, 45, 98, 81, 71, 55, 65, 86, 25]",683,165,2,19
166,"[1, 2, 3, 4, 5, 6, 7, 8, 9, 10]","[98, 58, 87, 100, 50, 18, 19, 42, 20, 33]",525,166,2,19
167,"[1, 2, 3, 4, 5, 6, 7, 8, 9, 10]","[82, 67, 96, 84, 86, 70, 31, 61, 49, 60]",686,167,2,19
168,"[1, 2, 3, 4, 5, 6, 7, 8, 9, 10]","[18, 46, 46, 63, 36, 17, 41, 35, 25, 59]",386,168,2,19
169,"[1, 2, 3, 4, 5, 6, 7, 8, 9, 10]","[48, 88, 29, 59, 58, 38, 50, 29, 68, 66]",533,169,2,19
170,"[1, 2, 3, 4, 5, 6, 7, 8, 9, 10]","[29, 69, 68, 40, 92, 89, 18, 100, 65, 19]",589,170,2,19
171,"[1, 2, 3, 4, 5, 6, 7, 8, 9, 10]","[86, 55, 29, 62, 84, 35, 64, 76, 88, 80]",659,171,2,23
172,"[1, 2, 3, 4, 5, 6, 7, 8, 9, 10]","[97, 64, 87, 19, 96, 39, 81, 45, 42, 17]",587,172,2,23
173,"[1, 2, 3, 4, 5, 6, 7, 8, 9, 10]","[41, 41, 71, 75, 26, 36, 39, 100, 74, 50]",553,173,2,23
174,"[1, 2, 3, 4, 5, 6, 7, 8, 9, 10]","[47, 60, 13, 54, 46, 69, 33, 52, 66, 30]",470,174,2,23
175,"[1, 2, 3, 4, 5, 6, 7, 8, 9, 10]","[30, 72, 51, 61, 38, 84, 30, 25, 28, 50]",469,175,2,23
176,"[1, 2, 3, 4, 5, 6, 7, 8, 9, 10]","[46, 23, 55, 48, 98, 32, 32, 79, 33, 72]",518,176,2,23
177,"[1, 2, 3, 4, 5, 6, 7, 8, 9, 10]","[25, 77, 22, 85, 13, 65, 15, 90, 29, 23]",444,177,2,23
178,"[1, 2, 3, 4, 5, 6, 7, 8, 9, 10]","[80, 45, 95, 28, 21, 24, 82, 75, 39, 14]",503,178,2,23
179,"[1, 2, 3, 4, 5, 6, 7, 8, 9, 10]","[53, 84, 44, 45, 28, 25, 60, 88, 47, 52]",526,179,2,23
180,"[1, 2, 3, 4, 5, 6, 7, 8, 9, 10]","[35, 50, 59, 70, 12, 21, 17, 39, 38, 55]",396,180,2,23
181,"[1, 2, 3, 4, 5, 6, 7, 8, 9, 10]","[83, 51, 68, 72, 60, 14, 56, 35, 36, 29]",504,181,2,8
182,"[1, 2, 3, 4, 5, 6, 7, 8, 9, 10]","[25, 51, 68, 68, 25, 17, 30, 25, 95, 49]",453,182,2,8
183,"[1, 2, 3, 4, 5, 6, 7, 8, 9, 10]","[65, 30, 86, 81, 97, 43, 98, 62, 100, 38]",700,183,2,8
184,"[1, 2, 3, 4, 5, 6, 7, 8, 9, 10]","[70, 23, 88, 60, 55, 51, 91, 42, 67, 97]",644,184,2,8
185,"[1, 2, 3, 4, 5, 6, 7, 8, 9, 10]","[75, 76, 69, 58, 25, 37, 48, 69, 44, 33]",534,185,2,8
186,"[1, 2, 3, 4, 5, 6, 7, 8, 9, 10]","[66, 88, 18, 40, 80, 18, 95, 24, 28, 79]",536,186,2,8
187,"[1, 2, 3, 4, 5, 6, 7, 8, 9, 10]","[83, 58, 37, 63, 100, 30, 13, 94, 21, 81]",580,187,2,8
188,"[1, 2, 3, 4, 5, 6, 7, 8, 9, 10]","[15, 83, 77, 31, 29, 54, 25, 49, 30, 82]",475,188,2,8
189,"[1, 2, 3, 4, 5, 6, 7, 8, 9, 10]","[45, 40, 13, 40, 22, 16, 72, 49, 51, 23]",371,189,2,8
190,"[1, 2, 3, 4, 5, 6, 7, 8, 9, 10]","[65, 84, 97, 64, 85, 72, 85, 21, 39, 79]",691,190,2,8
191,"[1, 2, 3, 4, 5, 6, 7, 8, 9, 10]","[65, 30, 88, 30, 45, 47, 47, 30, 28, 46]",456,191,2,7
192,"[1, 2, 3, 4, 5, 6, 7, 8, 9, 10]","[99, 84, 39, 38, 10, 20, 72, 72, 80, 29]",543,192,2,7
193,"[1, 2, 3, 4, 5, 6, 7, 8, 9, 10]","[60, 29, 56, 80, 95, 17, 14, 93, 37, 51]",532,193,2,7
194,"[1, 2, 3, 4, 5, 6, 7, 8, 9, 10]","[90, 27, 91, 43, 90, 95, 63, 99, 72, 67]",737,194,2,7
195,"[1, 2, 3, 4, 5, 6, 7, 8, 9, 10]","[51, 84, 72, 43, 45, 66, 68, 26, 85, 74]",614,195,2,7
196,"[1, 2, 3, 4, 5, 6, 7, 8, 9, 10]","[89, 19, 92, 52, 55, 28, 93, 96, 40, 33]",597,196,2,7
197,"[1, 2, 3, 4, 5, 6, 7, 8, 9, 10]","[57, 76, 93, 22, 14, 53, 77, 41, 21, 77]",531,197,2,7
198,"[1, 2, 3, 4, 5, 6, 7, 8, 9, 10]","[35, 41, 95, 74, 21, 31, 11, 14, 90, 32]",444,198,2,7
199,"[1, 2, 3, 4, 5, 6, 7, 8, 9, 10]","[49, 85, 86, 29, 85, 34, 85, 65, 100, 68]",686,199,2,7
200,"[1, 2, 3, 4, 5, 6, 7, 8, 9, 10]","[77, 79, 76, 67, 80, 19, 86, 30, 59, 95]",668,200,2,7
201,"[1, 2, 3, 4, 5, 6, 7, 8, 9, 10]","[100, 11, 92, 15, 30, 44, 41, 74, 61, 70]",538,201,3,24
202,"[1, 2, 3, 4, 5, 6, 7, 8, 9, 10]","[45, 87, 26, 94, 37, 16, 98, 89, 33, 14]",539,202,3,24
203,"[1, 2, 3, 4, 5, 6, 7, 8, 9, 10]","[28, 99, 11, 60, 34, 45, 73, 84, 48, 95]",577,203,3,24
204,"[1, 2, 3, 4, 5, 6, 7, 8, 9, 10]","[66, 57, 93, 26, 12, 20, 70, 89, 83, 83]",599,204,3,24
205,"[1, 2, 3, 4, 5, 6, 7, 8, 9, 10]","[50, 79, 62, 59, 52, 39, 15, 22, 26, 42]",446,205,3,24
206,"[1, 2, 3, 4, 5, 6, 7, 8, 9, 10]","[24, 22, 38, 96, 51, 90, 91, 59, 97, 78]",646,206,3,24
207,"[1, 2, 3, 4, 5, 6, 7, 8, 9, 10]","[36, 51, 80, 38, 78, 18, 44, 28, 92, 10]",475,207,3,24
208,"[1, 2, 3, 4, 5, 6, 7, 8, 9, 10]","[15, 57, 43, 60, 43, 16, 81, 48, 23, 42]",428,208,3,24
209,"[1, 2, 3, 4, 5, 6, 7, 8, 9, 10]","[63, 30, 95, 45, 10, 40, 40, 95, 28, 60]",506,209,3,24
210,"[1, 2, 3, 4, 5, 6, 7, 8, 9, 10]","[26, 86, 58, 72, 38, 31, 67, 23, 98, 52]",551,210,3,24
211,"[1, 2, 3, 4, 5, 6, 7, 8, 9, 10]","[79, 76, 66, 27, 83, 31, 24, 73, 50, 51]",560,211,3,3
212,"[1, 2, 3, 4, 5, 6, 7, 8, 9, 10]","[100, 90, 37, 24, 26, 86, 97, 65, 33, 96]",654,212,3,3
213,"[1, 2, 3, 4, 5, 6, 7, 8, 9, 10]","[96, 24, 43, 10, 36, 59, 86, 93, 41, 28]",516,213,3,3
214,"[1, 2, 3, 4, 5, 6, 7, 8, 9, 10]","[86, 85, 54, 15, 100, 43, 90, 16, 85, 61]",635,214,3,3
215,"[1, 2, 3, 4, 5, 6, 7, 8, 9, 10]","[49, 51, 98, 77, 52, 74, 35, 23, 13, 80]",552,215,3,3
216,"[1, 2, 3, 4, 5, 6, 7, 8, 9, 10]","[62, 29, 66, 87, 58, 33, 24, 68, 97, 90]",614,216,3,3
217,"[1, 2, 3, 4, 5, 6, 7, 8, 9, 10]","[34, 41, 53, 86, 55, 21, 100, 100, 69, 79]",638,217,3,3
218,"[1, 2, 3, 4, 5, 6, 7, 8, 9, 10]","[26, 81, 10, 97, 51, 34, 80, 68, 69, 51]",567,218,3,3
219,"[1, 2, 3, 4, 5, 6, 7, 8, 9, 10]","[93, 23, 63, 26, 19, 76, 44, 37, 76, 90]",547,219,3,3
220,"[1, 2, 3, 4, 5, 6, 7, 8, 9, 10]","[36, 62, 18, 43, 24, 86, 59, 95, 13, 29]",465,220,3,3
221,"[1, 2, 3, 4, 5, 6, 7, 8, 9, 10]","[22, 40, 34, 54, 95, 84, 43, 24, 12, 18]",426,221,3,9
222,"[1, 2, 3, 4, 5, 6, 7, 8, 9, 10]","[21, 24, 58, 22, 52, 17, 94, 12, 45, 38]",383,222,3,9
223,"[1, 2, 3, 4, 5, 6, 7, 8, 9, 10]","[74, 51, 52, 34, 11, 83, 50, 62, 22, 15]",454,223,3,9
224,"[1, 2, 3, 4, 5, 6, 7, 8, 9, 10]","[18, 28, 30, 38, 15, 15, 92, 24, 67, 86]",413,224,3,9
225,"[1, 2, 3, 4, 5, 6, 7, 8, 9, 10]","[76, 11, 85, 31, 77, 95, 98, 90, 69, 21]",653,225,3,9
226,"[1, 2, 3, 4, 5, 6, 7, 8, 9, 10]","[20, 87, 27, 43, 81, 65, 58, 31, 59, 47]",518,226,3,9
227,"[1, 2, 3, 4, 5, 6, 7, 8, 9, 10]","[69, 43, 57, 95, 37, 68, 31, 49, 87, 85]",621,227,3,9
228,"[1, 2, 3, 4, 5, 6, 7, 8, 9, 10]","[36, 16, 99, 54, 92, 36, 58, 35, 88, 27]",541,228,3,9
229,"[1, 2, 3, 4, 5, 6, 7, 8, 9, 10]","[94, 50, 81, 38, 30, 13, 98, 94, 36, 65]",599,229,3,9
230,"[1, 2, 3, 4, 5, 6, 7, 8, 9, 10]","[83, 71, 74, 21, 65, 73, 29, 16, 27, 25]",484,230,3,9
231,"[1, 2, 3, 4, 5, 6, 7, 8, 9, 10]","[17, 61, 46, 67, 100, 65, 90, 28, 17, 45]",536,231,3,2
232,"[1, 2, 3, 4, 5, 6, 7, 8, 9, 10]","[81, 24, 100, 27, 16, 16, 97, 24, 60, 86]",531,232,3,2
233,"[1, 2, 3, 4, 5, 6, 7, 8, 9, 10]","[24, 89, 94, 92, 56, 36, 21, 57, 86, 14]",569,233,3,2
234,"[1, 2, 3, 4, 5, 6, 7, 8, 9, 10]","[20, 47, 82, 57, 44, 27, 93, 15, 96, 82]",563,234,3,2
235,"[1, 2, 3, 4, 5, 6, 7, 8, 9, 10]","[27, 40, 90, 85, 75, 89, 97, 88, 12, 79]",682,235,3,2
236,"[1, 2, 3, 4, 5, 6, 7, 8, 9, 10]","[100, 25, 28, 81, 89, 72, 46, 66, 43, 51]",601,236,3,2
237,"[1, 2, 3, 4, 5, 6, 7, 8, 9, 10]","[46, 40, 70, 83, 78, 63, 80, 14, 56, 47]",577,237,3,2
238,"[1, 2, 3, 4, 5, 6, 7, 8, 9, 10]","[46, 100, 54, 55, 48, 64, 98, 73, 41, 31]",610,238,3,2
239,"[1, 2, 3, 4, 5, 6, 7, 8, 9, 10]","[35, 44, 84, 61, 34, 96, 77, 92, 55, 60]",638,239,3,2
240,"[1, 2, 3, 4, 5, 6, 7, 8, 9, 10]","[76, 25, 86, 39, 42, 19, 64, 74, 45, 62]",532,240,3,2
241,"[1, 2, 3, 4, 5, 6, 7, 8, 9, 10]","[88, 22, 21, 31, 87, 74, 48, 10, 33, 92]",506,241,3,18
242,"[1, 2, 3, 4, 5, 6, 7, 8, 9, 10]","[64, 88, 18, 23, 66, 91, 60, 14, 25, 46]",495,242,3,18
243,"[1, 2, 3, 4, 5, 6, 7, 8, 9, 10]","[46, 54, 35, 34, 36, 52, 95, 40, 56, 78]",526,243,3,18
244,"[1, 2, 3, 4, 5, 6, 7, 8, 9, 10]","[65, 23, 58, 50, 34, 58, 49, 54, 34, 90]",515,244,3,18
245,"[1, 2, 3, 4, 5, 6, 7, 8, 9, 10]","[65, 78, 74, 91, 49, 99, 50, 67, 33, 82]",688,245,3,18
246,"[1, 2, 3, 4, 5, 6, 7, 8, 9, 10]","[85, 14, 61, 30, 85, 42, 14, 83, 71, 43]",528,246,3,18
247,"[1, 2, 3, 4, 5, 6, 7, 8, 9, 10]","[38, 23, 16, 29, 30, 46, 21, 15, 36, 69]",323,247,3,18
248,"[1, 2, 3, 4, 5, 6, 7, 8, 9, 10]","[10, 10, 67, 49, 20, 86, 87, 85, 87, 51]",552,248,3,18
249,"[1, 2, 3, 4, 5, 6, 7, 8, 9, 10]","[83, 82, 66, 50, 39, 98, 59, 60, 61, 55]",653,249,3,18
250,"[1, 2, 3, 4, 5, 6, 7, 8, 9, 10]","[39, 35, 61, 91, 100, 14, 69, 36, 39, 47]",531,250,3,18
251,"[1, 2, 3, 4, 5, 6, 7, 8, 9, 10]","[94, 76, 53, 34, 50, 15, 72, 15, 53, 15]",477,251,3,17
252,"[1, 2, 3, 4, 5, 6, 7, 8, 9, 10]","[16, 70, 26, 27, 70, 75, 40, 55, 34, 59]",472,252,3,17
253,"[1, 2, 3, 4, 5, 6, 7, 8, 9, 10]","[29, 66, 25, 46, 96, 98, 28, 73, 17, 60]",538,253,3,17
254,"[1, 2, 3, 4, 5, 6, 7, 8, 9, 10]","[61, 51, 16, 25, 89, 82, 16, 78, 15, 75]",508,254,3,17
255,"[1, 2, 3, 4, 5, 6, 7, 8, 9, 10]","[52, 18, 73, 13, 61, 25, 16, 15, 23, 81]",377,255,3,17
256,"[1, 2, 3, 4, 5, 6, 7, 8, 9, 10]","[28, 90, 37, 37, 97, 47, 86, 67, 54, 75]",618,256,3,17
257,"[1, 2, 3, 4, 5, 6, 7, 8, 9, 10]","[78, 48, 57, 27, 30, 33, 91, 93, 38, 76]",571,257,3,17
258,"[1, 2, 3, 4, 5, 6, 7, 8, 9, 10]","[67, 24, 73, 54, 15, 56, 45, 39, 84, 53]",510,258,3,17
259,"[1, 2, 3, 4, 5, 6, 7, 8, 9, 10]","[73, 41, 50, 58, 78, 83, 87, 46, 36, 72]",624,259,3,17
260,"[1, 2, 3, 4, 5, 6, 7, 8, 9, 10]","[82, 38, 68, 70, 96, 32, 67, 15, 42, 61]",571,260,3,17
261,"[1, 2, 3, 4, 5, 6, 7, 8, 9, 10]","[43, 87, 51, 69, 81, 40, 42, 89, 33, 96]",631,261,3,8
262,"[1, 2, 3, 4, 5, 6, 7, 8, 9, 10]","[15, 48, 80, 48, 46, 92, 12, 68, 85, 58]",552,262,3,8
263,"[1, 2, 3, 4, 5, 6, 7, 8, 9, 10]","[67, 49, 15, 34, 84, 47, 92, 91, 14, 49]",542,263,3,8
264,"[1, 2, 3, 4, 5, 6, 7, 8, 9, 10]","[31, 84, 10, 90, 29, 47, 80, 44, 40, 65]",520,264,3,8
265,"[1, 2, 3, 4, 5, 6, 7, 8, 9, 10]","[90, 82, 54, 29, 63, 80, 84, 53, 52, 62]",649,265,3,8
266,"[1, 2, 3, 4, 5, 6, 7, 8, 9, 10]","[42, 79, 29, 86, 68, 29, 90, 27, 19, 50]",519,266,3,8
267,"[1, 2, 3, 4, 5, 6, 7, 8, 9, 10]","[49, 76, 96, 51, 94, 77, 15, 46, 28, 65]",597,267,3,8
268,"[1, 2, 3, 4, 5, 6, 7, 8, 9, 10]","[64, 32, 60, 87, 58, 21, 49, 40, 57, 35]",503,268,3,8
269,"[1, 2, 3, 4, 5, 6, 7, 8, 9, 10]","[94, 54, 66, 63, 45, 74, 59, 68, 87, 55]",665,269,3,8
270,"[1, 2, 3, 4, 5, 6, 7, 8, 9, 10]","[14, 17, 60, 33, 51, 68, 56, 87, 23, 60]",469,270,3,8
271,"[1, 2, 3, 4, 5, 6, 7, 8, 9, 10]","[25, 97, 66, 38, 37, 41, 48, 30, 48, 81]",511,271,3,7
272,"[1, 2, 3, 4, 5, 6, 7, 8, 9, 10]","[10, 38, 57, 48, 35, 87, 73, 17, 49, 25]",439,272,3,7
273,"[1, 2, 3, 4, 5, 6, 7, 8, 9, 10]","[33, 95, 38, 100, 92, 92, 43, 69, 80, 42]",684,273,3,7
274,"[1, 2, 3, 4, 5, 6, 7, 8, 9, 10]","[50, 12, 53, 20, 22, 95, 46, 85, 94, 24]",501,274,3,7
275,"[1, 2, 3, 4, 5, 6, 7, 8, 9, 10]","[99, 48, 60, 64, 82, 50, 77, 61, 92, 56]",689,275,3,7
276,"[1, 2, 3, 4, 5, 6, 7, 8, 9, 10]","[48, 69, 75, 94, 46, 55, 34, 82, 85, 56]",644,276,3,7
277,"[1, 2, 3, 4, 5, 6, 7, 8, 9, 10]","[53, 71, 81, 26, 94, 80, 51, 24, 98, 73]",651,277,3,7
278,"[1, 2, 3, 4, 5, 6, 7, 8, 9, 10]","[76, 91, 67, 68, 16, 80, 100, 96, 52, 94]",740,278,3,7
279,"[1, 2, 3, 4, 5, 6, 7, 8, 9, 10]","[49, 95, 40, 53, 72, 51, 86, 46, 86, 92]",670,279,3,7
280,"[1, 2, 3, 4, 5, 6, 7, 8, 9, 10]","[58, 97, 33, 40, 85, 77, 44, 45, 92, 62]",633,280,3,7
281,"[1, 2, 3, 4, 5, 6, 7, 8, 9, 10]","[61, 10, 12, 94, 18, 41, 24, 43, 16, 42]",361,281,3,13
282,"[1, 2, 3, 4, 5, 6, 7, 8, 9, 10]","[92, 37, 43, 62, 48, 78, 87, 56, 72, 75]",650,282,3,13
283,"[1, 2, 3, 4, 5, 6, 7, 8, 9, 10]","[74, 25, 71, 70, 53, 46, 40, 79, 44, 42]",544,283,3,13
284,"[1, 2, 3, 4, 5, 6, 7, 8, 9, 10]","[14, 17, 69, 39, 88, 27, 17, 71, 99, 49]",490,284,3,13
285,"[1, 2, 3, 4, 5, 6, 7, 8, 9, 10]","[74, 26, 73, 15, 94, 84, 26, 47, 83, 34]",556,285,3,13
286,"[1, 2, 3, 4, 5, 6, 7, 8, 9, 10]","[10, 38, 95, 90, 100, 72, 15, 89, 23, 22]",554,286,3,13
287,"[1, 2, 3, 4, 5, 6, 7, 8, 9, 10]","[33, 66, 74, 80, 49, 33, 83, 99, 48, 36]",601,287,3,13
288,"[1, 2, 3, 4, 5, 6, 7, 8, 9, 10]","[18, 30, 73, 46, 55, 45, 96, 50, 82, 12]",507,288,3,13
289,"[1, 2, 3, 4, 5, 6, 7, 8, 9, 10]","[88, 85, 31, 89, 93, 69, 39, 11, 100, 89]",694,289,3,13
290,"[1, 2, 3, 4, 5, 6, 7, 8, 9, 10]","[67, 54, 32, 75, 73, 61, 64, 23, 56, 100]",605,290,3,13
291,"[1, 2, 3, 4, 5, 6, 7, 8, 9, 10]","[22, 57, 54, 62, 17, 28, 12, 36, 44, 43]",375,291,3,5
292,"[1, 2, 3, 4, 5, 6, 7, 8, 9, 10]","[62, 57, 84, 53, 33, 72, 68, 11, 26, 24]",490,292,3,5
293,"[1, 2, 3, 4, 5, 6, 7, 8, 9, 10]","[71, 23, 77, 84, 34, 42, 88, 87, 50, 35]",591,293,3,5
294,"[1, 2, 3, 4, 5, 6, 7, 8, 9, 10]","[34, 29, 15, 47, 99, 63, 43, 16, 57, 90]",493,294,3,5
295,"[1, 2, 3, 4, 5, 6, 7, 8, 9, 10]","[63, 54, 33, 34, 19, 84, 80, 100, 97, 78]",642,295,3,5
296,"[1, 2, 3, 4, 5, 6, 7, 8, 9, 10]","[99, 80, 24, 95, 95, 69, 50, 32, 59, 57]",660,296,3,5
297,"[1, 2, 3, 4, 5, 6, 7, 8, 9, 10]","[98, 79, 68, 79, 20, 55, 79, 11, 12, 77]",578,297,3,5
298,"[1, 2, 3, 4, 5, 6, 7, 8, 9, 10]","[43, 72, 24, 53, 12, 94, 30, 95, 26, 33]",482,298,3,5
299,"[1, 2, 3, 4, 5, 6, 7, 8, 9, 10]","[84, 54, 48, 14, 96, 26, 53, 53, 45, 14]",487,299,3,5
300,"[1, 2, 3, 4, 5, 6, 7, 8, 9, 10]","[36, 40, 62, 10, 64, 87, 72, 39, 55, 33]",498,300,3,5
301,"[1, 2, 3, 4, 5, 6, 7, 8, 9, 10]","[22, 98, 61, 12, 93, 37, 80, 41, 81, 70]",595,301,4,11
302,"[1, 2, 3, 4, 5, 6, 7, 8, 9, 10]","[60, 57, 99, 11, 26, 31, 85, 16, 69, 13]",467,302,4,11
303,"[1, 2, 3, 4, 5, 6, 7, 8, 9, 10]","[66, 50, 23, 97, 89, 92, 40, 63, 85, 19]",624,303,4,11
304,"[1, 2, 3, 4, 5, 6, 7, 8, 9, 10]","[85, 49, 80, 95, 21, 35, 46, 30, 98, 38]",577,304,4,11
305,"[1, 2, 3, 4, 5, 6, 7, 8, 9, 10]","[58, 16, 94, 47, 61, 32, 17, 80, 95, 62]",562,305,4,11
306,"[1, 2, 3, 4, 5, 6, 7, 8, 9, 10]","[29, 49, 16, 68, 21, 79, 44, 25, 72, 37]",440,306,4,11
307,"[1, 2, 3, 4, 5, 6, 7, 8, 9, 10]","[34, 41, 64, 52, 36, 58, 22, 92, 65, 67]",531,307,4,11
308,"[1, 2, 3, 4, 5, 6, 7, 8, 9, 10]","[90, 58, 63, 69, 48, 11, 54, 82, 81, 94]",650,308,4,11
309,"[1, 2, 3, 4, 5, 6, 7, 8, 9, 10]","[79, 98, 65, 67, 68, 62, 55, 75, 36, 26]",631,309,4,11
310,"[1, 2, 3, 4, 5, 6, 7, 8, 9, 10]","[59, 84, 95, 97, 81, 88, 30, 42, 12, 100]",688,310,4,11
311,"[1, 2, 3, 4, 5, 6, 7, 8, 9, 10]","[55, 61, 88, 31, 14, 46, 30, 20, 28, 36]",409,311,4,14
312,"[1, 2, 3, 4, 5, 6, 7, 8, 9, 10]","[34, 36, 75, 96, 40, 90, 98, 63, 38, 95]",665,312,4,14
313,"[1, 2, 3, 4, 5, 6, 7, 8, 9, 10]","[86, 78, 65, 89, 97, 76, 84, 96, 78, 72]",821,313,4,14
314,"[1, 2, 3, 4, 5, 6, 7, 8, 9, 10]","[19, 55, 57, 90, 36, 95, 25, 92, 83, 17]",569,314,4,14
315,"[1, 2, 3, 4, 5, 6, 7, 8, 9, 10]","[62, 23, 88, 36, 22, 32, 85, 26, 95, 57]",526,315,4,14
316,"[1, 2, 3, 4, 5, 6, 7, 8, 9, 10]","[11, 21, 66, 22, 89, 74, 69, 99, 99, 50]",600,316,4,14
317,"[1, 2, 3, 4, 5, 6, 7, 8, 9, 10]","[47, 34, 34, 21, 20, 46, 100, 78, 66, 19]",465,317,4,14
318,"[1, 2, 3, 4, 5, 6, 7, 8, 9, 10]","[66, 18, 17, 17, 67, 36, 30, 18, 35, 68]",372,318,4,14
319,"[1, 2, 3, 4, 5, 6, 7, 8, 9, 10]","[89, 96, 15, 71, 79, 95, 99, 87, 72, 14]",717,319,4,14
320,"[1, 2, 3, 4, 5, 6, 7, 8, 9, 10]","[92, 32, 11, 85, 29, 97, 11, 68, 83, 56]",564,320,4,14
321,"[1, 2, 3, 4, 5, 6, 7, 8, 9, 10]","[61, 24, 64, 23, 86, 66, 71, 18, 35, 39]",487,321,4,20
322,"[1, 2, 3, 4, 5, 6, 7, 8, 9, 10]","[13, 72, 70, 90, 14, 38, 73, 95, 17, 73]",555,322,4,20
323,"[1, 2, 3, 4, 5, 6, 7, 8, 9, 10]","[61, 25, 55, 74, 95, 51, 70, 34, 92, 26]",583,323,4,20
324,"[1, 2, 3, 4, 5, 6, 7, 8, 9, 10]","[40, 15, 78, 83, 26, 17, 81, 79, 49, 97]",565,324,4,20
325,"[1, 2, 3, 4, 5, 6, 7, 8, 9, 10]","[69, 86, 71, 52, 87, 71, 10, 66, 81, 67]",660,325,4,20
326,"[1, 2, 3, 4, 5, 6, 7, 8, 9, 10]","[53, 15, 93, 73, 93, 35, 71, 45, 72, 35]",585,326,4,20
327,"[1, 2, 3, 4, 5, 6, 7, 8, 9, 10]","[39, 88, 96, 68, 22, 72, 27, 54, 70, 74]",610,327,4,20
328,"[1, 2, 3, 4, 5, 6, 7, 8, 9, 10]","[67, 89, 81, 79, 19, 33, 33, 77, 92, 51]",621,328,4,20
329,"[1, 2, 3, 4, 5, 6, 7, 8, 9, 10]","[41, 13, 91, 49, 21, 93, 84, 49, 32, 11]",484,329,4,20
330,"[1, 2, 3, 4, 5, 6, 7, 8, 9, 10]","[40, 33, 66, 77, 38, 74, 46, 17, 100, 53]",544,330,4,20
331,"[1, 2, 3, 4, 5, 6, 7, 8, 9, 10]","[44, 90, 81, 78, 23, 79, 98, 93, 60, 27]",673,331,4,8
332,"[1, 2, 3, 4, 5, 6, 7, 8, 9, 10]","[81, 70, 48, 20, 57, 40, 18, 81, 41, 37]",493,332,4,8
333,"[1, 2, 3, 4, 5, 6, 7, 8, 9, 10]","[33, 13, 22, 22, 96, 44, 25, 45, 34, 78]",412,333,4,8
334,"[1, 2, 3, 4, 5, 6, 7, 8, 9, 10]","[14, 48, 73, 27, 31, 49, 24, 49, 44, 26]",385,334,4,8
335,"[1, 2, 3, 4, 5, 6, 7, 8, 9, 10]","[12, 38, 80, 36, 38, 90, 54, 12, 50, 67]",477,335,4,8
336,"[1, 2, 3, 4, 5, 6, 7, 8, 9, 10]","[62, 50, 89, 11, 86, 57, 86, 92, 81, 97]",711,336,4,8
337,"[1, 2, 3, 4, 5, 6, 7, 8, 9, 10]","[74, 36, 82, 75, 44, 16, 94, 39, 33, 88]",581,337,4,8
338,"[1, 2, 3, 4, 5, 6, 7, 8, 9, 10]","[82, 42, 36, 62, 23, 63, 10, 25, 26, 37]",406,338,4,8
339,"[1, 2, 3, 4, 5, 6, 7, 8, 9, 10]","[22, 59, 92, 30, 100, 31, 96, 59, 67, 93]",649,339,4,8
340,"[1, 2, 3, 4, 5, 6, 7, 8, 9, 10]","[68, 34, 51, 73, 54, 13, 43, 86, 83, 84]",589,340,4,8
341,"[1, 2, 3, 4, 5, 6, 7, 8, 9, 10]","[46, 88, 80, 20, 63, 14, 54, 70, 89, 23]",547,341,4,24
342,"[1, 2, 3, 4, 5, 6, 7, 8, 9, 10]","[63, 19, 12, 92, 73, 58, 56, 34, 34, 25]",466,342,4,24
343,"[1, 2, 3, 4, 5, 6, 7, 8, 9, 10]","[11, 11, 42, 73, 37, 84, 97, 41, 72, 35]",503,343,4,24
344,"[1, 2, 3, 4, 5, 6, 7, 8, 9, 10]","[78, 46, 17, 58, 39, 51, 34, 47, 47, 40]",457,344,4,24
345,"[1, 2, 3, 4, 5, 6, 7, 8, 9, 10]","[46, 23, 11, 18, 46, 23, 72, 23, 59, 72]",393,345,4,24
346,"[1, 2, 3, 4, 5, 6, 7, 8, 9, 10]","[66, 87, 87, 60, 47, 20, 15, 57, 53, 49]",541,346,4,24
347,"[1, 2, 3, 4, 5, 6, 7, 8, 9, 10]","[43, 32, 13, 34, 83, 82, 82, 82, 46, 49]",546,347,4,24
348,"[1, 2, 3, 4, 5, 6, 7, 8, 9, 10]","[55, 11, 79, 65, 91, 68, 91, 38, 81, 30]",609,348,4,24
349,"[1, 2, 3, 4, 5, 6, 7, 8, 9, 10]","[95, 17, 20, 54, 59, 27, 53, 44, 52, 70]",491,349,4,24
350,"[1, 2, 3, 4, 5, 6, 7, 8, 9, 10]","[85, 45, 51, 36, 93, 26, 43, 50, 51, 43]",523,350,4,24
351,"[1, 2, 3, 4, 5, 6, 7, 8, 9, 10]","[13, 60, 36, 81, 62, 30, 77, 38, 38, 13]",448,351,4,1
352,"[1, 2, 3, 4, 5, 6, 7, 8, 9, 10]","[74, 29, 21, 62, 32, 12, 32, 83, 29, 25]",399,352,4,1
353,"[1, 2, 3, 4, 5, 6, 7, 8, 9, 10]","[86, 19, 97, 20, 84, 66, 21, 98, 28, 64]",583,353,4,1
354,"[1, 2, 3, 4, 5, 6, 7, 8, 9, 10]","[74, 70, 84, 22, 95, 26, 26, 60, 50, 14]",521,354,4,1
355,"[1, 2, 3, 4, 5, 6, 7, 8, 9, 10]","[66, 60, 45, 86, 47, 54, 88, 35, 30, 90]",601,355,4,1
356,"[1, 2, 3, 4, 5, 6, 7, 8, 9, 10]","[14, 46, 61, 91, 27, 96, 100, 15, 92, 72]",614,356,4,1
357,"[1, 2, 3, 4, 5, 6, 7, 8, 9, 10]","[52, 66, 87, 39, 74, 89, 82, 10, 89, 21]",609,357,4,1
358,"[1, 2, 3, 4, 5, 6, 7, 8, 9, 10]","[94, 82, 13, 14, 61, 76, 14, 50, 57, 14]",475,358,4,1
359,"[1, 2, 3, 4, 5, 6, 7, 8, 9, 10]","[29, 26, 41, 71, 66, 38, 58, 47, 45, 13]",434,359,4,1
360,"[1, 2, 3, 4, 5, 6, 7, 8, 9, 10]","[21, 72, 14, 32, 50, 37, 44, 89, 36, 33]",428,360,4,1
361,"[1, 2, 3, 4, 5, 6, 7, 8, 9, 10]","[43, 75, 19, 30, 93, 71, 76, 46, 18, 40]",511,361,4,5
362,"[1, 2, 3, 4, 5, 6, 7, 8, 9, 10]","[86, 22, 25, 92, 88, 30, 97, 45, 98, 96]",679,362,4,5
363,"[1, 2, 3, 4, 5, 6, 7, 8, 9, 10]","[100, 57, 43, 86, 87, 33, 79, 52, 15, 61]",613,363,4,5
364,"[1, 2, 3, 4, 5, 6, 7, 8, 9, 10]","[18, 25, 75, 11, 45, 74, 82, 29, 88, 51]",498,364,4,5
365,"[1, 2, 3, 4, 5, 6, 7, 8, 9, 10]","[77, 45, 33, 46, 95, 26, 24, 57, 43, 65]",511,365,4,5
366,"[1, 2, 3, 4, 5, 6, 7, 8, 9, 10]","[41, 53, 81, 27, 59, 88, 73, 39, 57, 13]",531,366,4,5
367,"[1, 2, 3, 4, 5, 6, 7, 8, 9, 10]","[17, 100, 25, 56, 59, 11, 65, 51, 36, 21]",441,367,4,5
368,"[1, 2, 3, 4, 5, 6, 7, 8, 9, 10]","[17, 35, 44, 43, 59, 57, 40, 75, 24, 34]",428,368,4,5
369,"[1, 2, 3, 4, 5, 6, 7, 8, 9, 10]","[62, 47, 33, 100, 85, 18, 54, 82, 47, 40]",568,369,4,5
370,"[1, 2, 3, 4, 5, 6, 7, 8, 9, 10]","[57, 34, 42, 38, 88, 53, 69, 80, 53, 39]",553,370,4,5
371,"[1, 2, 3, 4, 5, 6, 7, 8, 9, 10]","[11, 13, 19, 47, 19, 74, 56, 40, 98, 31]",408,371,4,21
372,"[1, 2, 3, 4, 5, 6, 7, 8, 9, 10]","[32, 64, 12, 83, 72, 68, 68, 13, 32, 64]",508,372,4,21
373,"[1, 2, 3, 4, 5, 6, 7, 8, 9, 10]","[80, 59, 66, 72, 41, 26, 11, 67, 78, 46]",546,373,4,21
374,"[1, 2, 3, 4, 5, 6, 7, 8, 9, 10]","[94, 77, 74, 25, 51, 19, 76, 34, 58, 71]",579,374,4,21
375,"[1, 2, 3, 4, 5, 6, 7, 8, 9, 10]","[72, 56, 26, 54, 85, 10, 39, 77, 94, 57]",570,375,4,21
376,"[1, 2, 3, 4, 5, 6, 7, 8, 9, 10]","[10, 56, 69, 95, 83, 78, 33, 88, 38, 45]",595,376,4,21
377,"[1, 2, 3, 4, 5, 6, 7, 8, 9, 10]","[44, 72, 84, 82, 20, 73, 22, 50, 71, 57]",575,377,4,21
378,"[1, 2, 3, 4, 5, 6, 7, 8, 9, 10]","[24, 97, 64, 18, 44, 52, 99, 59, 16, 40]",513,378,4,21
379,"[1, 2, 3, 4, 5, 6, 7, 8, 9, 10]","[87, 17, 45, 44, 99, 46, 40, 13, 37, 91]",519,379,4,21
380,"[1, 2, 3, 4, 5, 6, 7, 8, 9, 10]","[42, 39, 45, 84, 28, 32, 65, 22, 64, 64]",485,380,4,21
381,"[1, 2, 3, 4, 5, 6, 7, 8, 9, 10]","[34, 97, 53, 36, 74, 56, 93, 92, 36, 61]",632,381,4,10
382,"[1, 2, 3, 4, 5, 6, 7, 8, 9, 10]","[91, 70, 49, 37, 53, 77, 60, 33, 64, 77]",611,382,4,10
383,"[1, 2, 3, 4, 5, 6, 7, 8, 9, 10]","[19, 72, 51, 72, 20, 85, 60, 35, 40, 53]",507,383,4,10
384,"[1, 2, 3, 4, 5, 6, 7, 8, 9, 10]","[77, 26, 97, 80, 11, 65, 17, 42, 16, 75]",506,384,4,10
385,"[1, 2, 3, 4, 5, 6, 7, 8, 9, 10]","[67, 10, 41, 37, 20, 88, 68, 75, 86, 97]",589,385,4,10
386,"[1, 2, 3, 4, 5, 6, 7, 8, 9, 10]","[35, 68, 17, 67, 14, 26, 30, 72, 62, 28]",419,386,4,10
387,"[1, 2, 3, 4, 5, 6, 7, 8, 9, 10]","[99, 22, 71, 22, 72, 71, 11, 36, 84, 86]",574,387,4,10
388,"[1, 2, 3, 4, 5, 6, 7, 8, 9, 10]","[83, 82, 97, 77, 58, 76, 72, 99, 44, 35]",723,388,4,10
389,"[1, 2, 3, 4, 5, 6, 7, 8, 9, 10]","[48, 41, 43, 76, 54, 27, 12, 24, 49, 19]",393,389,4,10
390,"[1, 2, 3, 4, 5, 6, 7, 8, 9, 10]","[36, 39, 29, 20, 70, 79, 48, 80, 35, 89]",525,390,4,10
391,"[1, 2, 3, 4, 5, 6, 7, 8, 9, 10]","[49, 59, 85, 34, 14, 18, 42, 15, 50, 91]",457,391,4,2
392,"[1, 2, 3, 4, 5, 6, 7, 8, 9, 10]","[49, 46, 13, 86, 42, 33, 83, 42, 58, 99]",551,392,4,2
393,"[1, 2, 3, 4, 5, 6, 7, 8, 9, 10]","[89, 52, 81, 57, 42, 99, 20, 73, 28, 49]",590,393,4,2
394,"[1, 2, 3, 4, 5, 6, 7, 8, 9, 10]","[22, 48, 19, 66, 87, 52, 80, 98, 37, 83]",592,394,4,2
395,"[1, 2, 3, 4, 5, 6, 7, 8, 9, 10]","[33, 47, 87, 10, 20, 95, 49, 51, 51, 77]",520,395,4,2
396,"[1, 2, 3, 4, 5, 6, 7, 8, 9, 10]","[77, 10, 45, 41, 14, 13, 19, 77, 33, 72]",401,396,4,2
397,"[1, 2, 3, 4, 5, 6, 7, 8, 9, 10]","[95, 25, 57, 37, 65, 50, 93, 76, 70, 83]",651,397,4,2
398,"[1, 2, 3, 4, 5, 6, 7, 8, 9, 10]","[29, 34, 52, 71, 93, 58, 16, 26, 73, 58]",510,398,4,2
399,"[1, 2, 3, 4, 5, 6, 7, 8, 9, 10]","[93, 37, 43, 66, 34, 24, 91, 64, 78, 39]",569,399,4,2
400,"[1, 2, 3, 4, 5, 6, 7, 8, 9, 10]","[74, 43, 75, 61, 92, 100, 35, 51, 70, 52]",653,400,4,2
401,"[1, 2, 3, 4, 5, 6, 7, 8, 9, 10]","[45, 30, 64, 75, 84, 79, 30, 30, 71, 51]",559,401,5,12
402,"[1, 2, 3, 4, 5, 6, 7, 8, 9, 10]","[49, 65, 84, 44, 29, 95, 98, 22, 21, 57]",564,402,5,12
403,"[1, 2, 3, 4, 5, 6, 7, 8, 9, 10]","[10, 57, 79, 94, 63, 38, 78, 79, 83, 62]",643,403,5,12
404,"[1, 2, 3, 4, 5, 6, 7, 8, 9, 10]","[71, 77, 19, 54, 20, 55, 87, 88, 34, 17]",522,404,5,12
405,"[1, 2, 3, 4, 5, 6, 7, 8, 9, 10]","[47, 17, 54, 12, 51, 31, 18, 61, 66, 35]",392,405,5,12
406,"[1, 2, 3, 4, 5, 6, 7, 8, 9, 10]","[90, 12, 28, 92, 44, 51, 19, 59, 99, 98]",592,406,5,12
407,"[1, 2, 3, 4, 5, 6, 7, 8, 9, 10]","[30, 56, 70, 15, 35, 18, 71, 18, 65, 98]",476,407,5,12
408,"[1, 2, 3, 4, 5, 6, 7, 8, 9, 10]","[77, 66, 17, 78, 34, 75, 25, 74, 13, 48]",507,408,5,12
409,"[1, 2, 3, 4, 5, 6, 7, 8, 9, 10]","[59, 19, 20, 36, 56, 50, 98, 93, 34, 72]",537,409,5,12
410,"[1, 2, 3, 4, 5, 6, 7, 8, 9, 10]","[20, 64, 48, 73, 82, 60, 93, 99, 27, 46]",612,410,5,12
411,"[1, 2, 3, 4, 5, 6, 7, 8, 9, 10]","[58, 16, 92, 54, 55, 27, 71, 22, 14, 33]",442,411,5,21
412,"[1, 2, 3, 4, 5, 6, 7, 8, 9, 10]","[43, 84, 86, 70, 52, 43, 25, 59, 24, 11]",497,412,5,21
413,"[1, 2, 3, 4, 5, 6, 7, 8, 9, 10]","[89, 29, 48, 53, 68, 11, 93, 61, 56, 37]",545,413,5,21
414,"[1, 2, 3, 4, 5, 6, 7, 8, 9, 10]","[48, 47, 54, 99, 31, 98, 48, 81, 74, 65]",645,414,5,21
415,"[1, 2, 3, 4, 5, 6, 7, 8, 9, 10]","[35, 94, 40, 32, 22, 12, 44, 26, 80, 40]",425,415,5,21
416,"[1, 2, 3, 4, 5, 6, 7, 8, 9, 10]","[98, 61, 51, 70, 90, 74, 40, 36, 39, 31]",590,416,5,21
417,"[1, 2, 3, 4, 5, 6, 7, 8, 9, 10]","[23, 53, 89, 88, 76, 98, 39, 44, 44, 39]",593,417,5,21
418,"[1, 2, 3, 4, 5, 6, 7, 8, 9, 10]","[65, 54, 61, 49, 41, 59, 10, 100, 68, 97]",604,418,5,21
419,"[1, 2, 3, 4, 5, 6, 7, 8, 9, 10]","[47, 55, 47, 35, 39, 60, 38, 21, 66, 96]",504,419,5,21
420,"[1, 2, 3, 4, 5, 6, 7, 8, 9, 10]","[98, 14, 18, 88, 87, 41, 99, 37, 73, 71]",626,420,5,21
421,"[1, 2, 3, 4, 5, 6, 7, 8, 9, 10]","[95, 88, 65, 29, 20, 89, 63, 89, 38, 63]",639,421,5,4
422,"[1, 2, 3, 4, 5, 6, 7, 8, 9, 10]","[28, 31, 54, 62, 33, 83, 75, 23, 93, 29]",511,422,5,4
423,"[1, 2, 3, 4, 5, 6, 7, 8, 9, 10]","[16, 93, 50, 38, 98, 18, 28, 68, 29, 38]",476,423,5,4
424,"[1, 2, 3, 4, 5, 6, 7, 8, 9, 10]","[58, 47, 23, 55, 88, 63, 95, 57, 31, 53]",570,424,5,4
425,"[1, 2, 3, 4, 5, 6, 7, 8, 9, 10]","[46, 79, 51, 43, 42, 88, 23, 98, 94, 28]",592,425,5,4
426,"[1, 2, 3, 4, 5, 6, 7, 8, 9, 10]","[41, 67, 74, 93, 11, 24, 75, 70, 62, 46]",563,426,5,4
427,"[1, 2, 3, 4, 5, 6, 7, 8, 9, 10]","[65, 91, 86, 81, 62, 58, 48, 98, 14, 90]",693,427,5,4
428,"[1, 2, 3, 4, 5, 6, 7, 8, 9, 10]","[98, 96, 10, 22, 14, 19, 80, 19, 96, 44]",498,428,5,4
429,"[1, 2, 3, 4, 5, 6, 7, 8, 9, 10]","[45, 32, 67, 44, 69, 28, 66, 50, 10, 56]",467,429,5,4
430,"[1, 2, 3, 4, 5, 6, 7, 8, 9, 10]","[14, 94, 81, 86, 88, 17, 99, 84, 91, 83]",737,430,5,4
431,"[1, 2, 3, 4, 5, 6, 7, 8, 9, 10]","[26, 91, 57, 20, 11, 42, 39, 70, 21, 33]",410,431,5,16
432,"[1, 2, 3, 4, 5, 6, 7, 8, 9, 10]","[64, 60, 30, 78, 44, 54, 23, 67, 77, 60]",557,432,5,16
433,"[1, 2, 3, 4, 5, 6, 7, 8, 9, 10]","[84, 43, 34, 48, 28, 41, 79, 11, 21, 48]",437,433,5,16
434,"[1, 2, 3, 4, 5, 6, 7, 8, 9, 10]","[76, 26, 53, 84, 35, 83, 74, 86, 47, 61]",625,434,5,16
435,"[1, 2, 3, 4, 5, 6, 7, 8, 9, 10]","[38, 49, 56, 73, 80, 92, 32, 43, 25, 15]",503,435,5,16
436,"[1, 2, 3, 4, 5, 6, 7, 8, 9, 10]","[81, 19, 87, 21, 52, 49, 94, 13, 36, 25]",477,436,5,16
437,"[1, 2, 3, 4, 5, 6, 7, 8, 9, 10]","[22, 76, 87, 36, 37, 36, 63, 71, 94, 19]",541,437,5,16
438,"[1, 2, 3, 4, 5, 6, 7, 8, 9, 10]","[96, 56, 83, 36, 93, 67, 84, 22, 36, 52]",625,438,5,16
439,"[1, 2, 3, 4, 5, 6, 7, 8, 9, 10]","[44, 95, 80, 14, 13, 39, 73, 29, 78, 21]",486,439,5,16
440,"[1, 2, 3, 4, 5, 6, 7, 8, 9, 10]","[37, 58, 81, 47, 19, 36, 84, 74, 85, 10]",531,440,5,16
441,"[1, 2, 3, 4, 5, 6, 7, 8, 9, 10]","[21, 68, 58, 27, 73, 80, 21, 87, 40, 17]",492,441,5,22
442,"[1, 2, 3, 4, 5, 6, 7, 8, 9, 10]","[88, 59, 94, 43, 51, 58, 25, 24, 15, 61]",518,442,5,22
443,"[1, 2, 3, 4, 5, 6, 7, 8, 9, 10]","[56, 19, 34, 21, 45, 51, 81, 34, 88, 28]",457,443,5,22
444,"[1, 2, 3, 4, 5, 6, 7, 8, 9, 10]","[73, 95, 25, 19, 33, 26, 93, 21, 90, 78]",553,444,5,22
445,"[1, 2, 3, 4, 5, 6, 7, 8, 9, 10]","[40, 54, 52, 94, 13, 87, 76, 57, 33, 26]",532,445,5,22
446,"[1, 2, 3, 4, 5, 6, 7, 8, 9, 10]","[27, 87, 35, 35, 63, 42, 87, 35, 83, 66]",560,446,5,22
447,"[1, 2, 3, 4, 5, 6, 7, 8, 9, 10]","[51, 62, 69, 97, 92, 73, 66, 22, 33, 61]",626,447,5,22
448,"[1, 2, 3, 4, 5, 6, 7, 8, 9, 10]","[13, 66, 46, 72, 42, 29, 27, 34, 66, 97]",492,448,5,22
449,"[1, 2, 3, 4, 5, 6, 7, 8, 9, 10]","[53, 77, 23, 28, 16, 60, 38, 75, 82, 30]",482,449,5,22
450,"[1, 2, 3, 4, 5, 6, 7, 8, 9, 10]","[60, 18, 43, 23, 68, 34, 23, 25, 80, 68]",442,450,5,22
451,"[1, 2, 3, 4, 5, 6, 7, 8, 9, 10]","[53, 28, 79, 37, 29, 50, 73, 33, 93, 42]",517,451,5,2
452,"[1, 2, 3, 4, 5, 6, 7, 8, 9, 10]","[68, 76, 95, 74, 37, 69, 17, 100, 34, 46]",616,452,5,2
453,"[1, 2, 3, 4, 5, 6, 7, 8, 9, 10]","[38, 69, 94, 46, 35, 14, 31, 25, 19, 94]",465,453,5,2
454,"[1, 2, 3, 4, 5, 6, 7, 8, 9, 10]","[97, 29, 22, 48, 77, 100, 16, 96, 36, 67]",588,454,5,2
455,"[1, 2, 3, 4, 5, 6, 7, 8, 9, 10]","[69, 53, 56, 79, 85, 91, 44, 70, 98, 41]",686,455,5,2
456,"[1, 2, 3, 4, 5, 6, 7, 8, 9, 10]","[87, 96, 53, 62, 73, 67, 93, 75, 97, 92]",795,456,5,2
457,"[1, 2, 3, 4, 5, 6, 7, 8, 9, 10]","[24, 87, 51, 21, 84, 28, 33, 95, 96, 67]",586,457,5,2
458,"[1, 2, 3, 4, 5, 6, 7, 8, 9, 10]","[99, 55, 98, 66, 78, 27, 52, 15, 68, 13]",571,458,5,2
459,"[1, 2, 3, 4, 5, 6, 7, 8, 9, 10]","[14, 34, 47, 64, 69, 46, 41, 60, 47, 66]",488,459,5,2
460,"[1, 2, 3, 4, 5, 6, 7, 8, 9, 10]","[49, 11, 86, 36, 38, 21, 41, 32, 74, 50]",438,460,5,2
461,"[1, 2, 3, 4, 5, 6, 7, 8, 9, 10]","[23, 67, 83, 43, 72, 78, 26, 21, 91, 46]",550,461,5,9
462,"[1, 2, 3, 4, 5, 6, 7, 8, 9, 10]","[65, 46, 73, 53, 59, 14, 60, 45, 60, 16]",491,462,5,9
463,"[1, 2, 3, 4, 5, 6, 7, 8, 9, 10]","[73, 50, 58, 95, 57, 40, 36, 84, 62, 89]",644,463,5,9
464,"[1, 2, 3, 4, 5, 6, 7, 8, 9, 10]","[69, 77, 96, 50, 87, 75, 23, 35, 83, 76]",671,464,5,9
465,"[1, 2, 3, 4, 5, 6, 7, 8, 9, 10]","[98, 73, 58, 24, 46, 90, 91, 99, 43, 15]",637,465,5,9
466,"[1, 2, 3, 4, 5, 6, 7, 8, 9, 10]","[61, 34, 40, 75, 34, 25, 39, 66, 52, 94]",520,466,5,9
467,"[1, 2, 3, 4, 5, 6, 7, 8, 9, 10]","[85, 52, 38, 87, 96, 35, 24, 91, 68, 94]",670,467,5,9
468,"[1, 2, 3, 4, 5, 6, 7, 8, 9, 10]","[88, 68, 15, 29, 49, 11, 18, 24, 12, 59]",373,468,5,9
469,"[1, 2, 3, 4, 5, 6, 7, 8, 9, 10]","[54, 79, 63, 86, 97, 68, 39, 44, 39, 86]",655,469,5,9
470,"[1, 2, 3, 4, 5, 6, 7, 8, 9, 10]","[22, 32, 91, 66, 17, 30, 46, 92, 36, 24]",456,470,5,9
471,"[1, 2, 3, 4, 5, 6, 7, 8, 9, 10]","[25, 60, 68, 71, 40, 71, 52, 85, 18, 99]",589,471,5,20
472,"[1, 2, 3, 4, 5, 6, 7, 8, 9, 10]","[88, 64, 67, 98, 15, 14, 27, 66, 89, 60]",588,472,5,20
473,"[1, 2, 3, 4, 5, 6, 7, 8, 9, 10]","[61, 62, 60, 62, 58, 39, 81, 19, 55, 72]",569,473,5,20
474,"[1, 2, 3, 4, 5, 6, 7, 8, 9, 10]","[61, 97, 67, 35, 75, 48, 64, 15, 95, 69]",626,474,5,20
475,"[1, 2, 3, 4, 5, 6, 7, 8, 9, 10]","[21, 48, 63, 31, 26, 32, 25, 72, 78, 17]",413,475,5,20
476,"[1, 2, 3, 4, 5, 6, 7, 8, 9, 10]","[59, 90, 23, 40, 46, 59, 62, 80, 55, 98]",612,476,5,20
477,"[1, 2, 3, 4, 5, 6, 7, 8, 9, 10]","[52, 30, 50, 42, 95, 61, 10, 70, 57, 90]",557,477,5,20
478,"[1, 2, 3, 4, 5, 6, 7, 8, 9, 10]","[71, 37, 42, 12, 49, 87, 62, 64, 90, 10]",524,478,5,20
479,"[1, 2, 3, 4, 5, 6, 7, 8, 9, 10]","[94, 11, 11, 76, 44, 19, 100, 70, 70, 60]",555,479,5,20
480,"[1, 2, 3, 4, 5, 6, 7, 8, 9, 10]","[46, 75, 15, 27, 79, 15, 33, 74, 80, 36]",480,480,5,20
481,"[1, 2, 3, 4, 5, 6, 7, 8, 9, 10]","[69, 37, 82, 59, 44, 34, 88, 44, 98, 32]",587,481,5,8
482,"[1, 2, 3, 4, 5, 6, 7, 8, 9, 10]","[33, 10, 70, 18, 45, 71, 46, 17, 98, 100]",508,482,5,8
483,"[1, 2, 3, 4, 5, 6, 7, 8, 9, 10]","[71, 52, 91, 60, 63, 54, 75, 20, 49, 46]",581,483,5,8
484,"[1, 2, 3, 4, 5, 6, 7, 8, 9, 10]","[44, 95, 58, 38, 19, 78, 72, 31, 66, 19]",520,484,5,8
485,"[1, 2, 3, 4, 5, 6, 7, 8, 9, 10]","[80, 100, 76, 74, 83, 68, 20, 56, 17, 37]",611,485,5,8
486,"[1, 2, 3, 4, 5, 6, 7, 8, 9, 10]","[49, 99, 25, 63, 58, 23, 65, 72, 83, 80]",617,486,5,8
487,"[1, 2, 3, 4, 5, 6, 7, 8, 9, 10]","[23, 99, 90, 14, 16, 62, 82, 72, 64, 37]",559,487,5,8
488,"[1, 2, 3, 4, 5, 6, 7, 8, 9, 10]","[27, 61, 26, 70, 80, 14, 47, 87, 21, 80]",513,488,5,8
489,"[1, 2, 3, 4, 5, 6, 7, 8, 9, 10]","[65, 85, 78, 86, 41, 44, 62, 79, 57, 54]",651,489,5,8
490,"[1, 2, 3, 4, 5, 6, 7, 8, 9, 10]","[100, 53, 73, 36, 86, 38, 15, 86, 55, 26]",568,490,5,8
491,"[1, 2, 3, 4, 5, 6, 7, 8, 9, 10]","[52, 22, 99, 44, 87, 66, 22, 84, 11, 78]",565,491,5,19
492,"[1, 2, 3, 4, 5, 6, 7, 8, 9, 10]","[46, 69, 50, 29, 17, 59, 24, 16, 28, 57]",395,492,5,19
493,"[1, 2, 3, 4, 5, 6, 7, 8, 9, 10]","[75, 76, 99, 35, 83, 33, 25, 44, 11, 19]",500,493,5,19
494,"[1, 2, 3, 4, 5, 6, 7, 8, 9, 10]","[89, 84, 48, 100, 18, 51, 42, 32, 81, 35]",580,494,5,19
495,"[1, 2, 3, 4, 5, 6, 7, 8, 9, 10]","[67, 37, 80, 18, 47, 94, 88, 89, 64, 84]",668,495,5,19
496,"[1, 2, 3, 4, 5, 6, 7, 8, 9, 10]","[99, 85, 38, 69, 96, 17, 82, 86, 84, 45]",701,496,5,19
497,"[1, 2, 3, 4, 5, 6, 7, 8, 9, 10]","[77, 49, 75, 33, 94, 50, 19, 50, 96, 96]",639,497,5,19
498,"[1, 2, 3, 4, 5, 6, 7, 8, 9, 10]","[47, 32, 96, 62, 93, 37, 25, 34, 38, 13]",477,498,5,19
499,"[1, 2, 3, 4, 5, 6, 7, 8, 9, 10]","[34, 61, 90, 27, 41, 91, 34, 65, 51, 98]",592,499,5,19
500,"[1, 2, 3, 4, 5, 6, 7, 8, 9, 10]","[95, 87, 42, 16, 26, 87, 93, 53, 65, 30]",594,500,5,19
501,"[1, 2, 3, 4, 5, 6, 7, 8, 9, 10]","[35, 81, 48, 45, 99, 49, 66, 14, 27, 44]",508,501,6,21
502,"[1, 2, 3, 4, 5, 6, 7, 8, 9, 10]","[98, 53, 30, 71, 84, 95, 71, 59, 32, 26]",619,502,6,21
503,"[1, 2, 3, 4, 5, 6, 7, 8, 9, 10]","[20, 17, 62, 52, 100, 36, 89, 54, 18, 34]",482,503,6,21
504,"[1, 2, 3, 4, 5, 6, 7, 8, 9, 10]","[28, 37, 54, 83, 86, 86, 31, 86, 44, 44]",579,504,6,21
505,"[1, 2, 3, 4, 5, 6, 7, 8, 9, 10]","[26, 90, 93, 38, 86, 30, 90, 26, 73, 12]",564,505,6,21
506,"[1, 2, 3, 4, 5, 6, 7, 8, 9, 10]","[42, 57, 66, 91, 71, 34, 36, 33, 33, 69]",532,506,6,21
507,"[1, 2, 3, 4, 5, 6, 7, 8, 9, 10]","[41, 27, 36, 56, 62, 95, 55, 11, 95, 94]",572,507,6,21
508,"[1, 2, 3, 4, 5, 6, 7, 8, 9, 10]","[10, 75, 23, 24, 63, 59, 54, 11, 66, 71]",456,508,6,21
509,"[1, 2, 3, 4, 5, 6, 7, 8, 9, 10]","[26, 45, 97, 18, 54, 85, 100, 31, 94, 72]",622,509,6,21
510,"[1, 2, 3, 4, 5, 6, 7, 8, 9, 10]","[31, 20, 71, 89, 48, 55, 69, 56, 96, 41]",576,510,6,21
511,"[1, 2, 3, 4, 5, 6, 7, 8, 9, 10]","[58, 79, 37, 96, 36, 22, 16, 35, 74, 27]",480,511,6,11
512,"[1, 2, 3, 4, 5, 6, 7, 8, 9, 10]","[32, 73, 33, 92, 42, 94, 45, 41, 64, 59]",575,512,6,11
513,"[1, 2, 3, 4, 5, 6, 7, 8, 9, 10]","[12, 70, 12, 55, 38, 56, 83, 41, 48, 65]",480,513,6,11
514,"[1, 2, 3, 4, 5, 6, 7, 8, 9, 10]","[43, 42, 20, 52, 90, 11, 22, 87, 53, 19]",439,514,6,11
515,"[1, 2, 3, 4, 5, 6, 7, 8, 9, 10]","[72, 87, 13, 65, 93, 48, 41, 58, 14, 34]",525,515,6,11
516,"[1, 2, 3, 4, 5, 6, 7, 8, 9, 10]","[11, 10, 41, 17, 68, 91, 33, 24, 51, 27]",373,516,6,11
517,"[1, 2, 3, 4, 5, 6, 7, 8, 9, 10]","[25, 82, 10, 47, 94, 94, 73, 35, 95, 16]",571,517,6,11
518,"[1, 2, 3, 4, 5, 6, 7, 8, 9, 10]","[64, 61, 70, 41, 64, 74, 13, 37, 67, 77]",568,518,6,11
519,"[1, 2, 3, 4, 5, 6, 7, 8, 9, 10]","[93, 28, 11, 37, 88, 16, 71, 46, 62, 67]",519,519,6,11
520,"[1, 2, 3, 4, 5, 6, 7, 8, 9, 10]","[91, 12, 71, 68, 24, 79, 21, 55, 25, 29]",475,520,6,11
521,"[1, 2, 3, 4, 5, 6, 7, 8, 9, 10]","[34, 39, 28, 33, 89, 30, 94, 60, 26, 15]",448,521,6,6
522,"[1, 2, 3, 4, 5, 6, 7, 8, 9, 10]","[58, 33, 25, 98, 88, 77, 84, 41, 72, 63]",639,522,6,6
523,"[1, 2, 3, 4, 5, 6, 7, 8, 9, 10]","[63, 18, 57, 78, 40, 65, 49, 50, 77, 59]",556,523,6,6
524,"[1, 2, 3, 4, 5, 6, 7, 8, 9, 10]","[89, 23, 29, 25, 43, 26, 13, 28, 80, 85]",441,524,6,6
525,"[1, 2, 3, 4, 5, 6, 7, 8, 9, 10]","[53, 35, 45, 12, 58, 34, 49, 50, 98, 27]",461,525,6,6
526,"[1, 2, 3, 4, 5, 6, 7, 8, 9, 10]","[84, 12, 46, 36, 15, 44, 20, 23, 62, 57]",399,526,6,6
527,"[1, 2, 3, 4, 5, 6, 7, 8, 9, 10]","[81, 87, 28, 40, 87, 32, 43, 82, 90, 49]",619,527,6,6
528,"[1, 2, 3, 4, 5, 6, 7, 8, 9, 10]","[26, 55, 32, 62, 16, 97, 60, 24, 28, 29]",429,528,6,6
529,"[1, 2, 3, 4, 5, 6, 7, 8, 9, 10]","[40, 72, 39, 100, 21, 65, 24, 88, 100, 85]",634,529,6,6
530,"[1, 2, 3, 4, 5, 6, 7, 8, 9, 10]","[95, 83, 66, 29, 42, 46, 25, 44, 78, 90]",598,530,6,6
531,"[1, 2, 3, 4, 5, 6, 7, 8, 9, 10]","[85, 69, 20, 95, 47, 33, 21, 39, 62, 65]",536,531,6,4
532,"[1, 2, 3, 4, 5, 6, 7, 8, 9, 10]","[57, 54, 100, 89, 45, 56, 45, 69, 41, 72]",628,532,6,4
533,"[1, 2, 3, 4, 5, 6, 7, 8, 9, 10]","[50, 76, 37, 31, 68, 23, 97, 83, 65, 64]",594,533,6,4
534,"[1, 2, 3, 4, 5, 6, 7, 8, 9, 10]","[25, 96, 100, 24, 30, 28, 12, 87, 51, 28]",481,534,6,4
535,"[1, 2, 3, 4, 5, 6, 7, 8, 9, 10]","[88, 71, 27, 23, 97, 69, 86, 77, 100, 80]",718,535,6,4
536,"[1, 2, 3, 4, 5, 6, 7, 8, 9, 10]","[90, 30, 12, 30, 31, 68, 48, 51, 24, 30]",414,536,6,4
537,"[1, 2, 3, 4, 5, 6, 7, 8, 9, 10]","[10, 39, 45, 26, 48, 31, 47, 12, 41, 84]",383,537,6,4
538,"[1, 2, 3, 4, 5, 6, 7, 8, 9, 10]","[85, 94, 27, 28, 30, 48, 49, 69, 67, 36]",533,538,6,4
539,"[1, 2, 3, 4, 5, 6, 7, 8, 9, 10]","[69, 78, 34, 80, 68, 51, 55, 19, 81, 43]",578,539,6,4
540,"[1, 2, 3, 4, 5, 6, 7, 8, 9, 10]","[42, 95, 12, 81, 61, 58, 15, 74, 39, 91]",568,540,6,4
541,"[1, 2, 3, 4, 5, 6, 7, 8, 9, 10]","[61, 55, 60, 58, 34, 16, 91, 60, 27, 82]",544,541,6,18
542,"[1, 2, 3, 4, 5, 6, 7, 8, 9, 10]","[48, 100, 10, 68, 55, 70, 50, 80, 99, 41]",621,542,6,18
543,"[1, 2, 3, 4, 5, 6, 7, 8, 9, 10]","[50, 26, 74, 12, 33, 86, 86, 37, 82, 65]",551,543,6,18
544,"[1, 2, 3, 4, 5, 6, 7, 8, 9, 10]","[44, 94, 87, 87, 49, 69, 81, 67, 95, 69]",742,544,6,18
545,"[1, 2, 3, 4, 5, 6, 7, 8, 9, 10]","[69, 67, 32, 87, 66, 95, 16, 79, 76, 100]",687,545,6,18
546,"[1, 2, 3, 4, 5, 6, 7, 8, 9, 10]","[96, 96, 33, 56, 71, 13, 57, 43, 15, 98]",578,546,6,18
547,"[1, 2, 3, 4, 5, 6, 7, 8, 9, 10]","[94, 10, 43, 98, 59, 73, 73, 37, 55, 40]",582,547,6,18
548,"[1, 2, 3, 4, 5, 6, 7, 8, 9, 10]","[45, 14, 30, 31, 95, 63, 97, 34, 43, 96]",548,548,6,18
549,"[1, 2, 3, 4, 5, 6, 7, 8, 9, 10]","[82, 91, 63, 44, 52, 88, 94, 57, 57, 67]",695,549,6,18
550,"[1, 2, 3, 4, 5, 6, 7, 8, 9, 10]","[74, 34, 54, 71, 36, 77, 76, 86, 97, 65]",670,550,6,18
551,"[1, 2, 3, 4, 5, 6, 7, 8, 9, 10]","[58, 20, 87, 14, 90, 70, 84, 92, 15, 66]",596,551,6,15
552,"[1, 2, 3, 4, 5, 6, 7, 8, 9, 10]","[95, 31, 11, 45, 99, 32, 72, 26, 64, 91]",566,552,6,15
553,"[1, 2, 3, 4, 5, 6, 7, 8, 9, 10]","[80, 82, 100, 51, 51, 31, 53, 88, 90, 88]",714,553,6,15
554,"[1, 2, 3, 4, 5, 6, 7, 8, 9, 10]","[64, 86, 95, 11, 36, 20, 97, 76, 31, 68]",584,554,6,15
555,"[1, 2, 3, 4, 5, 6, 7, 8, 9, 10]","[22, 14, 67, 14, 32, 72, 75, 73, 50, 29]",448,555,6,15
556,"[1, 2, 3, 4, 5, 6, 7, 8, 9, 10]","[72, 69, 27, 42, 34, 27, 62, 77, 33, 76]",519,556,6,15
557,"[1, 2, 3, 4, 5, 6, 7, 8, 9, 10]","[77, 98, 77, 11, 78, 38, 43, 51, 91, 15]",579,557,6,15
558,"[1, 2, 3, 4, 5, 6, 7, 8, 9, 10]","[67, 18, 79, 27, 60, 54, 13, 93, 17, 58]",486,558,6,15
559,"[1, 2, 3, 4, 5, 6, 7, 8, 9, 10]","[97, 34, 86, 64, 50, 26, 30, 52, 85, 55]",579,559,6,15
560,"[1, 2, 3, 4, 5, 6, 7, 8, 9, 10]","[75, 19, 93, 91, 61, 59, 82, 34, 77, 91]",682,560,6,15
561,"[1, 2, 3, 4, 5, 6, 7, 8, 9, 10]","[49, 64, 70, 43, 64, 99, 32, 78, 41, 93]",633,561,6,8
562,"[1, 2, 3, 4, 5, 6, 7, 8, 9, 10]","[45, 16, 55, 14, 98, 42, 90, 50, 31, 39]",480,562,6,8
563,"[1, 2, 3, 4, 5, 6, 7, 8, 9, 10]","[96, 44, 57, 43, 88, 58, 38, 35, 68, 35]",562,563,6,8
564,"[1, 2, 3, 4, 5, 6, 7, 8, 9, 10]","[15, 55, 98, 20, 35, 15, 77, 43, 76, 64]",498,564,6,8
565,"[1, 2, 3, 4, 5, 6, 7, 8, 9, 10]","[15, 54, 56, 78, 88, 10, 77, 21, 10, 91]",500,565,6,8
566,"[1, 2, 3, 4, 5, 6, 7, 8, 9, 10]","[88, 66, 93, 85, 37, 24, 76, 60, 57, 87]",673,566,6,8
567,"[1, 2, 3, 4, 5, 6, 7, 8, 9, 10]","[27, 78, 97, 53, 62, 21, 71, 58, 93, 31]",591,567,6,8
568,"[1, 2, 3, 4, 5, 6, 7, 8, 9, 10]","[65, 32, 32, 90, 11, 46, 28, 86, 87, 63]",540,568,6,8
569,"[1, 2, 3, 4, 5, 6, 7, 8, 9, 10]","[26, 99, 35, 21, 84, 29, 19, 31, 78, 89]",511,569,6,8
570,"[1, 2, 3, 4, 5, 6, 7, 8, 9, 10]","[33, 50, 74, 25, 81, 97, 64, 16, 76, 14]",530,570,6,8
571,"[1, 2, 3, 4, 5, 6, 7, 8, 9, 10]","[88, 99, 47, 68, 44, 58, 87, 29, 97, 50]",667,571,6,23
572,"[1, 2, 3, 4, 5, 6, 7, 8, 9, 10]","[22, 47, 84, 100, 71, 68, 22, 66, 45, 69]",594,572,6,23
573,"[1, 2, 3, 4, 5, 6, 7, 8, 9, 10]","[44, 80, 94, 65, 99, 42, 47, 74, 61, 88]",694,573,6,23
574,"[1, 2, 3, 4, 5, 6, 7, 8, 9, 10]","[99, 84, 60, 28, 25, 14, 13, 46, 29, 51]",449,574,6,23
575,"[1, 2, 3, 4, 5, 6, 7, 8, 9, 10]","[21, 31, 38, 44, 75, 41, 55, 51, 99, 43]",498,575,6,23
576,"[1, 2, 3, 4, 5, 6, 7, 8, 9, 10]","[64, 59, 85, 87, 60, 51, 21, 81, 28, 75]",611,576,6,23
577,"[1, 2, 3, 4, 5, 6, 7, 8, 9, 10]","[92, 39, 89, 26, 48, 41, 69, 11, 11, 48]",474,577,6,23
578,"[1, 2, 3, 4, 5, 6, 7, 8, 9, 10]","[78, 10, 54, 63, 59, 29, 47, 30, 23, 58]",451,578,6,23
579,"[1, 2, 3, 4, 5, 6, 7, 8, 9, 10]","[47, 31, 47, 59, 43, 89, 44, 94, 37, 82]",573,579,6,23
580,"[1, 2, 3, 4, 5, 6, 7, 8, 9, 10]","[30, 46, 52, 21, 88, 59, 22, 68, 88, 77]",551,580,6,23
581,"[1, 2, 3, 4, 5, 6, 7, 8, 9, 10]","[45, 39, 47, 95, 92, 52, 70, 79, 98, 74]",691,581,6,1
582,"[1, 2, 3, 4, 5, 6, 7, 8, 9, 10]","[88, 16, 22, 24, 21, 22, 59, 21, 93, 27]",393,582,6,1
583,"[1, 2, 3, 4, 5, 6, 7, 8, 9, 10]","[72, 35, 93, 33, 17, 69, 87, 50, 36, 53]",545,583,6,1
584,"[1, 2, 3, 4, 5, 6, 7, 8, 9, 10]","[83, 41, 88, 79, 72, 91, 91, 54, 73, 97]",769,584,6,1
585,"[1, 2, 3, 4, 5, 6, 7, 8, 9, 10]","[79, 84, 59, 90, 15, 54, 54, 43, 91, 19]",588,585,6,1
586,"[1, 2, 3, 4, 5, 6, 7, 8, 9, 10]","[97, 54, 20, 88, 33, 56, 56, 51, 81, 43]",579,586,6,1
587,"[1, 2, 3, 4, 5, 6, 7, 8, 9, 10]","[34, 57, 56, 91, 56, 91, 61, 55, 49, 81]",631,587,6,1
588,"[1, 2, 3, 4, 5, 6, 7, 8, 9, 10]","[65, 62, 59, 64, 16, 80, 73, 75, 21, 15]",530,588,6,1
589,"[1, 2, 3, 4, 5, 6, 7, 8, 9, 10]","[40, 63, 57, 46, 35, 33, 63, 32, 24, 95]",488,589,6,1
590,"[1, 2, 3, 4, 5, 6, 7, 8, 9, 10]","[33, 15, 40, 89, 61, 61, 37, 52, 31, 36]",455,590,6,1
591,"[1, 2, 3, 4, 5, 6, 7, 8, 9, 10]","[56, 23, 65, 78, 80, 64, 46, 54, 95, 65]",626,591,6,20
592,"[1, 2, 3, 4, 5, 6, 7, 8, 9, 10]","[68, 19, 69, 10, 20, 91, 56, 46, 56, 84]",519,592,6,20
593,"[1, 2, 3, 4, 5, 6, 7, 8, 9, 10]","[15, 60, 47, 99, 22, 58, 80, 83, 68, 44]",576,593,6,20
594,"[1, 2, 3, 4, 5, 6, 7, 8, 9, 10]","[68, 33, 86, 38, 20, 31, 58, 17, 38, 11]",400,594,6,20
595,"[1, 2, 3, 4, 5, 6, 7, 8, 9, 10]","[93, 100, 45, 11, 26, 14, 91, 96, 55, 49]",580,595,6,20
596,"[1, 2, 3, 4, 5, 6, 7, 8, 9, 10]","[77, 43, 77, 81, 13, 98, 18, 89, 75, 11]",582,596,6,20
597,"[1, 2, 3, 4, 5, 6, 7, 8, 9, 10]","[27, 80, 30, 79, 44, 51, 30, 48, 32, 88]",509,597,6,20
598,"[1, 2, 3, 4, 5, 6, 7, 8, 9, 10]","[91, 44, 84, 96, 40, 30, 31, 36, 42, 40]",534,598,6,20
599,"[1, 2, 3, 4, 5, 6, 7, 8, 9, 10]","[67, 32, 91, 64, 25, 16, 56, 65, 58, 85]",559,599,6,20
600,"[1, 2, 3, 4, 5, 6, 7, 8, 9, 10]","[24, 54, 44, 93, 52, 67, 21, 17, 59, 30]",461,600,6,20
601,"[1, 2, 3, 4, 5, 6, 7, 8, 9, 10]","[53, 61, 29, 43, 100, 87, 98, 43, 34, 47]",595,601,7,14
602,"[1, 2, 3, 4, 5, 6, 7, 8, 9, 10]","[75, 55, 82, 32, 99, 82, 34, 18, 47, 84]",608,602,7,14
603,"[1, 2, 3, 4, 5, 6, 7, 8, 9, 10]","[63, 37, 83, 38, 25, 43, 40, 77, 41, 67]",514,603,7,14
604,"[1, 2, 3, 4, 5, 6, 7, 8, 9, 10]","[99, 92, 51, 90, 40, 55, 23, 93, 74, 50]",667,604,7,14
605,"[1, 2, 3, 4, 5, 6, 7, 8, 9, 10]","[67, 44, 88, 60, 81, 62, 98, 15, 61, 73]",649,605,7,14
606,"[1, 2, 3, 4, 5, 6, 7, 8, 9, 10]","[97, 73, 44, 58, 55, 30, 42, 58, 84, 84]",625,606,7,14
607,"[1, 2, 3, 4, 5, 6, 7, 8, 9, 10]","[47, 11, 55, 72, 37, 44, 52, 87, 31, 55]",491,607,7,14
608,"[1, 2, 3, 4, 5, 6, 7, 8, 9, 10]","[65, 96, 51, 69, 25, 90, 12, 76, 33, 31]",548,608,7,14
609,"[1, 2, 3, 4, 5, 6, 7, 8, 9, 10]","[100, 44, 11, 22, 47, 33, 71, 65, 94, 28]",515,609,7,14
610,"[1, 2, 3, 4, 5, 6, 7, 8, 9, 10]","[18, 42, 22, 68, 67, 17, 28, 95, 88, 50]",495,610,7,14
611,"[1, 2, 3, 4, 5, 6, 7, 8, 9, 10]","[63, 65, 71, 99, 23, 100, 20, 21, 28, 58]",548,611,7,5
612,"[1, 2, 3, 4, 5, 6, 7, 8, 9, 10]","[96, 94, 84, 50, 42, 39, 37, 74, 68, 90]",674,612,7,5
613,"[1, 2, 3, 4, 5, 6, 7, 8, 9, 10]","[10, 59, 29, 38, 95, 66, 46, 11, 92, 46]",492,613,7,5
614,"[1, 2, 3, 4, 5, 6, 7, 8, 9, 10]","[29, 41, 23, 35, 70, 63, 68, 79, 57, 92]",557,614,7,5
615,"[1, 2, 3, 4, 5, 6, 7, 8, 9, 10]","[81, 52, 65, 65, 34, 31, 26, 42, 99, 86]",581,615,7,5
616,"[1, 2, 3, 4, 5, 6, 7, 8, 9, 10]","[54, 98, 88, 60, 81, 92, 88, 26, 10, 48]",645,616,7,5
617,"[1, 2, 3, 4, 5, 6, 7, 8, 9, 10]","[47, 90, 33, 18, 72, 11, 35, 20, 70, 54]",450,617,7,5
618,"[1, 2, 3, 4, 5, 6, 7, 8, 9, 10]","[89, 76, 47, 22, 25, 20, 73, 51, 39, 83]",525,618,7,5
619,"[1, 2, 3, 4, 5, 6, 7, 8, 9, 10]","[73, 22, 78, 93, 42, 82, 67, 24, 70, 87]",638,619,7,5
620,"[1, 2, 3, 4, 5, 6, 7, 8, 9, 10]","[78, 46, 84, 78, 55, 85, 30, 51, 70, 44]",621,620,7,5
621,"[1, 2, 3, 4, 5, 6, 7, 8, 9, 10]","[98, 23, 47, 25, 74, 15, 22, 22, 56, 56]",438,621,7,20
622,"[1, 2, 3, 4, 5, 6, 7, 8, 9, 10]","[52, 90, 20, 15, 81, 62, 93, 14, 57, 67]",551,622,7,20
623,"[1, 2, 3, 4, 5, 6, 7, 8, 9, 10]","[97, 30, 42, 49, 68, 49, 19, 43, 12, 54]",463,623,7,20
624,"[1, 2, 3, 4, 5, 6, 7, 8, 9, 10]","[88, 45, 13, 15, 64, 54, 52, 96, 82, 33]",542,624,7,20
625,"[1, 2, 3, 4, 5, 6, 7, 8, 9, 10]","[79, 90, 11, 55, 34, 75, 29, 91, 49, 77]",590,625,7,20
626,"[1, 2, 3, 4, 5, 6, 7, 8, 9, 10]","[94, 75, 70, 72, 69, 26, 80, 64, 40, 27]",617,626,7,20
627,"[1, 2, 3, 4, 5, 6, 7, 8, 9, 10]","[19, 29, 16, 92, 42, 43, 51, 38, 16, 77]",423,627,7,20
628,"[1, 2, 3, 4, 5, 6, 7, 8, 9, 10]","[91, 18, 19, 68, 53, 30, 19, 53, 55, 69]",475,628,7,20
629,"[1, 2, 3, 4, 5, 6, 7, 8, 9, 10]","[44, 20, 76, 27, 17, 12, 50, 18, 27, 23]",314,629,7,20
630,"[1, 2, 3, 4, 5, 6, 7, 8, 9, 10]","[96, 90, 18, 31, 33, 17, 88, 31, 28, 29]",461,630,7,20
631,"[1, 2, 3, 4, 5, 6, 7, 8, 9, 10]","[85, 84, 45, 37, 91, 41, 57, 30, 50, 75]",595,631,7,22
632,"[1, 2, 3, 4, 5, 6, 7, 8, 9, 10]","[87, 73, 80, 59, 92, 33, 50, 85, 87, 92]",738,632,7,22
633,"[1, 2, 3, 4, 5, 6, 7, 8, 9, 10]","[82, 40, 72, 43, 67, 62, 23, 71, 66, 86]",612,633,7,22
634,"[1, 2, 3, 4, 5, 6, 7, 8, 9, 10]","[76, 84, 76, 58, 15, 72, 99, 82, 83, 65]",710,634,7,22
635,"[1, 2, 3, 4, 5, 6, 7, 8, 9, 10]","[92, 53, 60, 78, 53, 45, 31, 75, 76, 22]",585,635,7,22
636,"[1, 2, 3, 4, 5, 6, 7, 8, 9, 10]","[25, 21, 86, 99, 79, 93, 38, 31, 87, 87]",646,636,7,22
637,"[1, 2, 3, 4, 5, 6, 7, 8, 9, 10]","[20, 64, 95, 53, 43, 59, 36, 51, 91, 58]",570,637,7,22
638,"[1, 2, 3, 4, 5, 6, 7, 8, 9, 10]","[85, 70, 17, 26, 16, 48, 60, 50, 88, 81]",541,638,7,22
639,"[1, 2, 3, 4, 5, 6, 7, 8, 9, 10]","[72, 58, 53, 84, 76, 74, 62, 10, 27, 61]",577,639,7,22
640,"[1, 2, 3, 4, 5, 6, 7, 8, 9, 10]","[88, 73, 89, 48, 20, 47, 61, 55, 84, 74]",639,640,7,22
641,"[1, 2, 3, 4, 5, 6, 7, 8, 9, 10]","[43, 11, 53, 41, 96, 67, 10, 57, 28, 46]",452,641,7,24
642,"[1, 2, 3, 4, 5, 6, 7, 8, 9, 10]","[54, 89, 25, 40, 61, 51, 30, 58, 48, 59]",515,642,7,24
643,"[1, 2, 3, 4, 5, 6, 7, 8, 9, 10]","[40, 96, 67, 59, 48, 13, 89, 79, 13, 73]",577,643,7,24
644,"[1, 2, 3, 4, 5, 6, 7, 8, 9, 10]","[28, 22, 18, 22, 79, 65, 59, 14, 75, 72]",454,644,7,24
645,"[1, 2, 3, 4, 5, 6, 7, 8, 9, 10]","[45, 57, 24, 94, 97, 64, 23, 71, 67, 16]",558,645,7,24
646,"[1, 2, 3, 4, 5, 6, 7, 8, 9, 10]","[59, 94, 97, 44, 10, 30, 75, 14, 83, 99]",605,646,7,24
647,"[1, 2, 3, 4, 5, 6, 7, 8, 9, 10]","[43, 36, 34, 64, 90, 99, 22, 32, 14, 23]",457,647,7,24
648,"[1, 2, 3, 4, 5, 6, 7, 8, 9, 10]","[65, 93, 26, 68, 11, 36, 72, 12, 31, 22]",436,648,7,24
649,"[1, 2, 3, 4, 5, 6, 7, 8, 9, 10]","[25, 66, 33, 29, 11, 20, 20, 60, 21, 98]",383,649,7,24
650,"[1, 2, 3, 4, 5, 6, 7, 8, 9, 10]","[39, 93, 28, 83, 92, 68, 49, 63, 57, 78]",650,650,7,24
651,"[1, 2, 3, 4, 5, 6, 7, 8, 9, 10]","[46, 69, 33, 92, 40, 65, 25, 34, 86, 16]",506,651,7,6
652,"[1, 2, 3, 4, 5, 6, 7, 8, 9, 10]","[94, 12, 33, 23, 60, 100, 98, 88, 20, 41]",569,652,7,6
653,"[1, 2, 3, 4, 5, 6, 7, 8, 9, 10]","[26, 85, 51, 15, 75, 65, 88, 34, 88, 82]",609,653,7,6
654,"[1, 2, 3, 4, 5, 6, 7, 8, 9, 10]","[55, 58, 57, 19, 91, 78, 21, 18, 34, 86]",517,654,7,6
655,"[1, 2, 3, 4, 5, 6, 7, 8, 9, 10]","[92, 76, 58, 34, 68, 61, 73, 93, 92, 68]",715,655,7,6
656,"[1, 2, 3, 4, 5, 6, 7, 8, 9, 10]","[79, 86, 94, 20, 19, 83, 15, 48, 82, 76]",602,656,7,6
657,"[1, 2, 3, 4, 5, 6, 7, 8, 9, 10]","[16, 73, 17, 49, 18, 27, 53, 91, 66, 98]",508,657,7,6
658,"[1, 2, 3, 4, 5, 6, 7, 8, 9, 10]","[99, 36, 44, 82, 12, 20, 10, 63, 23, 48]",437,658,7,6
659,"[1, 2, 3, 4, 5, 6, 7, 8, 9, 10]","[35, 25, 94, 56, 61, 12, 52, 13, 13, 81]",442,659,7,6
660,"[1, 2, 3, 4, 5, 6, 7, 8, 9, 10]","[42, 25, 31, 46, 41, 38, 81, 26, 10, 36]",376,660,7,6
661,"[1, 2, 3, 4, 5, 6, 7, 8, 9, 10]","[41, 100, 11, 56, 33, 68, 21, 67, 99, 99]",595,661,7,10
662,"[1, 2, 3, 4, 5, 6, 7, 8, 9, 10]","[41, 28, 14, 70, 60, 92, 26, 98, 88, 77]",594,662,7,10
663,"[1, 2, 3, 4, 5, 6, 7, 8, 9, 10]","[56, 39, 62, 71, 22, 56, 95, 66, 43, 100]",610,663,7,10
664,"[1, 2, 3, 4, 5, 6, 7, 8, 9, 10]","[18, 44, 10, 84, 60, 40, 66, 38, 58, 30]",448,664,7,10
665,"[1, 2, 3, 4, 5, 6, 7, 8, 9, 10]","[65, 65, 24, 15, 34, 84, 76, 16, 73, 28]",480,665,7,10
666,"[1, 2, 3, 4, 5, 6, 7, 8, 9, 10]","[87, 28, 43, 41, 65, 28, 32, 19, 30, 48]",421,666,7,10
667,"[1, 2, 3, 4, 5, 6, 7, 8, 9, 10]","[46, 30, 77, 68, 77, 42, 24, 96, 78, 65]",603,667,7,10
668,"[1, 2, 3, 4, 5, 6, 7, 8, 9, 10]","[73, 100, 74, 75, 92, 100, 52, 81, 42, 54]",743,668,7,10
669,"[1, 2, 3, 4, 5, 6, 7, 8, 9, 10]","[36, 51, 90, 47, 42, 83, 32, 64, 79, 96]",620,669,7,10
670,"[1, 2, 3, 4, 5, 6, 7, 8, 9, 10]","[92, 27, 59, 42, 41, 17, 12, 88, 61, 92]",531,670,7,10
671,"[1, 2, 3, 4, 5, 6, 7, 8, 9, 10]","[17, 46, 55, 12, 84, 32, 84, 27, 99, 14]",470,671,7,16
672,"[1, 2, 3, 4, 5, 6, 7, 8, 9, 10]","[81, 32, 16, 46, 65, 88, 59, 97, 49, 22]",555,672,7,16
673,"[1, 2, 3, 4, 5, 6, 7, 8, 9, 10]","[99, 82, 50, 34, 47, 29, 91, 38, 79, 24]",573,673,7,16
674,"[1, 2, 3, 4, 5, 6, 7, 8, 9, 10]","[22, 80, 59, 62, 35, 89, 28, 60, 92, 20]",547,674,7,16
675,"[1, 2, 3, 4, 5, 6, 7, 8, 9, 10]","[80, 71, 92, 38, 62, 68, 78, 87, 95, 76]",747,675,7,16
676,"[1, 2, 3, 4, 5, 6, 7, 8, 9, 10]","[83, 64, 83, 88, 47, 44, 69, 91, 67, 23]",659,676,7,16
677,"[1, 2, 3, 4, 5, 6, 7, 8, 9, 10]","[44, 42, 28, 83, 40, 56, 46, 40, 81, 79]",539,677,7,16
678,"[1, 2, 3, 4, 5, 6, 7, 8, 9, 10]","[69, 77, 86, 25, 59, 15, 92, 48, 35, 93]",599,678,7,16
679,"[1, 2, 3, 4, 5, 6, 7, 8, 9, 10]","[49, 85, 60, 41, 61, 32, 87, 31, 31, 48]",525,679,7,16
680,"[1, 2, 3, 4, 5, 6, 7, 8, 9, 10]","[33, 42, 83, 33, 92, 99, 61, 13, 61, 58]",575,680,7,16
681,"[1, 2, 3, 4, 5, 6, 7, 8, 9, 10]","[98, 21, 53, 62, 39, 92, 84, 97, 31, 29]",606,681,7,8
682,"[1, 2, 3, 4, 5, 6, 7, 8, 9, 10]","[38, 80, 52, 31, 73, 10, 89, 25, 23, 12]",433,682,7,8
683,"[1, 2, 3, 4, 5, 6, 7, 8, 9, 10]","[76, 63, 94, 12, 86, 96, 99, 17, 76, 73]",692,683,7,8
684,"[1, 2, 3, 4, 5, 6, 7, 8, 9, 10]","[17, 64, 21, 46, 28, 11, 99, 26, 69, 22]",403,684,7,8
685,"[1, 2, 3, 4, 5, 6, 7, 8, 9, 10]","[93, 60, 66, 85, 95, 44, 42, 51, 20, 66]",622,685,7,8
686,"[1, 2, 3, 4, 5, 6, 7, 8, 9, 10]","[12, 53, 79, 60, 30, 71, 63, 88, 26, 79]",561,686,7,8
687,"[1, 2, 3, 4, 5, 6, 7, 8, 9, 10]","[33, 15, 19, 26, 26, 29, 17, 13, 66, 18]",262,687,7,8
688,"[1, 2, 3, 4, 5, 6, 7, 8, 9, 10]","[59, 37, 66, 76, 35, 85, 67, 97, 58, 58]",638,688,7,8
689,"[1, 2, 3, 4, 5, 6, 7, 8, 9, 10]","[62, 63, 75, 74, 57, 63, 24, 43, 91, 36]",588,689,7,8
690,"[1, 2, 3, 4, 5, 6, 7, 8, 9, 10]","[10, 84, 100, 60, 22, 85, 54, 26, 38, 62]",541,690,7,8
691,"[1, 2, 3, 4, 5, 6, 7, 8, 9, 10]","[64, 63, 57, 100, 35, 57, 11, 36, 21, 93]",537,691,7,7
692,"[1, 2, 3, 4, 5, 6, 7, 8, 9, 10]","[42, 72, 80, 95, 31, 82, 36, 96, 81, 66]",681,692,7,7
693,"[1, 2, 3, 4, 5, 6, 7, 8, 9, 10]","[84, 50, 53, 33, 25, 69, 22, 66, 66, 89]",557,693,7,7
694,"[1, 2, 3, 4, 5, 6, 7, 8, 9, 10]","[76, 60, 37, 79, 72, 45, 70, 11, 72, 65]",587,694,7,7
695,"[1, 2, 3, 4, 5, 6, 7, 8, 9, 10]","[26, 100, 57, 31, 52, 28, 38, 30, 53, 41]",456,695,7,7
696,"[1, 2, 3, 4, 5, 6, 7, 8, 9, 10]","[62, 47, 67, 70, 67, 89, 14, 31, 60, 50]",557,696,7,7
697,"[1, 2, 3, 4, 5, 6, 7, 8, 9, 10]","[72, 47, 47, 98, 35, 10, 17, 91, 99, 14]",530,697,7,7
698,"[1, 2, 3, 4, 5, 6, 7, 8, 9, 10]","[17, 81, 82, 95, 50, 23, 15, 58, 58, 52]",531,698,7,7
699,"[1, 2, 3, 4, 5, 6, 7, 8, 9, 10]","[35, 63, 35, 19, 35, 95, 91, 66, 35, 89]",563,699,7,7
700,"[1, 2, 3, 4, 5, 6, 7, 8, 9, 10]","[31, 34, 34, 74, 63, 52, 93, 67, 53, 96]",597,700,7,7
701,"[1, 2, 3, 4, 5, 6, 7, 8, 9, 10]","[24, 32, 11, 100, 77, 75, 36, 64, 22, 42]",483,701,8,16
702,"[1, 2, 3, 4, 5, 6, 7, 8, 9, 10]","[95, 52, 53, 72, 62, 31, 37, 90, 18, 28]",538,702,8,16
703,"[1, 2, 3, 4, 5, 6, 7, 8, 9, 10]","[86, 78, 65, 20, 54, 82, 54, 69, 34, 15]",557,703,8,16
704,"[1, 2, 3, 4, 5, 6, 7, 8, 9, 10]","[62, 72, 66, 18, 90, 95, 43, 73, 34, 37]",590,704,8,16
705,"[1, 2, 3, 4, 5, 6, 7, 8, 9, 10]","[50, 61, 62, 97, 81, 62, 99, 64, 61, 76]",713,705,8,16
706,"[1, 2, 3, 4, 5, 6, 7, 8, 9, 10]","[37, 59, 12, 48, 20, 60, 78, 81, 75, 12]",482,706,8,16
707,"[1, 2, 3, 4, 5, 6, 7, 8, 9, 10]","[24, 60, 18, 75, 57, 44, 60, 56, 23, 53]",470,707,8,16
708,"[1, 2, 3, 4, 5, 6, 7, 8, 9, 10]","[12, 91, 87, 49, 35, 80, 62, 33, 67, 32]",548,708,8,16
709,"[1, 2, 3, 4, 5, 6, 7, 8, 9, 10]","[93, 79, 91, 73, 33, 43, 26, 93, 14, 58]",603,709,8,16
710,"[1, 2, 3, 4, 5, 6, 7, 8, 9, 10]","[43, 34, 67, 36, 50, 32, 35, 71, 18, 34]",420,710,8,16
711,"[1, 2, 3, 4, 5, 6, 7, 8, 9, 10]","[28, 82, 27, 77, 58, 37, 60, 16, 59, 77]",521,711,8,18
712,"[1, 2, 3, 4, 5, 6, 7, 8, 9, 10]","[18, 50, 32, 34, 18, 56, 78, 21, 86, 89]",482,712,8,18
713,"[1, 2, 3, 4, 5, 6, 7, 8, 9, 10]","[61, 43, 58, 65, 49, 92, 63, 70, 40, 99]",640,713,8,18
714,"[1, 2, 3, 4, 5, 6, 7, 8, 9, 10]","[86, 62, 98, 66, 94, 26, 12, 12, 88, 28]",572,714,8,18
715,"[1, 2, 3, 4, 5, 6, 7, 8, 9, 10]","[49, 57, 52, 70, 64, 76, 25, 100, 62, 75]",630,715,8,18
716,"[1, 2, 3, 4, 5, 6, 7, 8, 9, 10]","[19, 25, 64, 20, 51, 11, 24, 14, 80, 89]",397,716,8,18
717,"[1, 2, 3, 4, 5, 6, 7, 8, 9, 10]","[44, 24, 80, 94, 57, 59, 90, 30, 38, 89]",605,717,8,18
718,"[1, 2, 3, 4, 5, 6, 7, 8, 9, 10]","[83, 39, 14, 46, 32, 35, 85, 93, 13, 27]",467,718,8,18
719,"[1, 2, 3, 4, 5, 6, 7, 8, 9, 10]","[42, 93, 98, 48, 31, 29, 96, 35, 98, 34]",604,719,8,18
720,"[1, 2, 3, 4, 5, 6, 7, 8, 9, 10]","[99, 90, 58, 44, 83, 64, 75, 42, 62, 70]",687,720,8,18
721,"[1, 2, 3, 4, 5, 6, 7, 8, 9, 10]","[65, 25, 76, 22, 31, 39, 78, 86, 95, 58]",575,721,8,17
722,"[1, 2, 3, 4, 5, 6, 7, 8, 9, 10]","[61, 73, 90, 39, 34, 30, 18, 21, 51, 44]",461,722,8,17
723,"[1, 2, 3, 4, 5, 6, 7, 8, 9, 10]","[24, 85, 67, 77, 12, 85, 78, 56, 37, 77]",598,723,8,17
724,"[1, 2, 3, 4, 5, 6, 7, 8, 9, 10]","[71, 53, 59, 80, 96, 46, 58, 97, 91, 42]",693,724,8,17
725,"[1, 2, 3, 4, 5, 6, 7, 8, 9, 10]","[90, 12, 33, 59, 16, 55, 65, 50, 13, 32]",425,725,8,17
726,"[1, 2, 3, 4, 5, 6, 7, 8, 9, 10]","[16, 25, 62, 22, 85, 35, 73, 24, 28, 40]",410,726,8,17
727,"[1, 2, 3, 4, 5, 6, 7, 8, 9, 10]","[18, 30, 51, 40, 43, 85, 90, 44, 53, 68]",522,727,8,17
728,"[1, 2, 3, 4, 5, 6, 7, 8, 9, 10]","[90, 37, 54, 71, 44, 22, 90, 100, 60, 80]",648,728,8,17
729,"[1, 2, 3, 4, 5, 6, 7, 8, 9, 10]","[57, 59, 71, 88, 20, 25, 53, 65, 70, 30]",538,729,8,17
730,"[1, 2, 3, 4, 5, 6, 7, 8, 9, 10]","[79, 86, 16, 36, 83, 65, 97, 59, 93, 86]",700,730,8,17
731,"[1, 2, 3, 4, 5, 6, 7, 8, 9, 10]","[44, 20, 72, 17, 83, 23, 83, 62, 53, 74]",531,731,8,1
732,"[1, 2, 3, 4, 5, 6, 7, 8, 9, 10]","[31, 95, 82, 88, 63, 67, 29, 21, 56, 73]",605,732,8,1
733,"[1, 2, 3, 4, 5, 6, 7, 8, 9, 10]","[15, 17, 16, 84, 33, 15, 36, 11, 38, 14]",279,733,8,1
734,"[1, 2, 3, 4, 5, 6, 7, 8, 9, 10]","[30, 90, 14, 74, 67, 61, 54, 96, 94, 37]",617,734,8,1
735,"[1, 2, 3, 4, 5, 6, 7, 8, 9, 10]","[57, 86, 55, 97, 91, 63, 74, 78, 35, 72]",708,735,8,1
736,"[1, 2, 3, 4, 5, 6, 7, 8, 9, 10]","[15, 68, 73, 49, 99, 47, 71, 10, 49, 55]",536,736,8,1
737,"[1, 2, 3, 4, 5, 6, 7, 8, 9, 10]","[49, 55, 51, 61, 83, 99, 35, 78, 23, 30]",564,737,8,1
738,"[1, 2, 3, 4, 5, 6, 7, 8, 9, 10]","[69, 62, 75, 29, 67, 44, 63, 45, 76, 23]",553,738,8,1
739,"[1, 2, 3, 4, 5, 6, 7, 8, 9, 10]","[54, 77, 39, 38, 12, 54, 72, 34, 54, 76]",510,739,8,1
740,"[1, 2, 3, 4, 5, 6, 7, 8, 9, 10]","[60, 16, 56, 44, 89, 13, 15, 80, 32, 90]",495,740,8,1
741,"[1, 2, 3, 4, 5, 6, 7, 8, 9, 10]","[13, 59, 20, 48, 61, 39, 94, 50, 29, 98]",511,741,8,6
742,"[1, 2, 3, 4, 5, 6, 7, 8, 9, 10]","[63, 99, 85, 25, 89, 83, 11, 58, 21, 63]",597,742,8,6
743,"[1, 2, 3, 4, 5, 6, 7, 8, 9, 10]","[39, 74, 17, 15, 30, 48, 69, 37, 17, 90]",436,743,8,6
744,"[1, 2, 3, 4, 5, 6, 7, 8, 9, 10]","[87, 20, 85, 32, 99, 34, 62, 50, 92, 84]",645,744,8,6
745,"[1, 2, 3, 4, 5, 6, 7, 8, 9, 10]","[96, 80, 27, 38, 92, 32, 24, 26, 93, 16]",524,745,8,6
746,"[1, 2, 3, 4, 5, 6, 7, 8, 9, 10]","[99, 69, 83, 37, 69, 95, 98, 59, 25, 21]",655,746,8,6
747,"[1, 2, 3, 4, 5, 6, 7, 8, 9, 10]","[13, 76, 38, 60, 59, 34, 56, 48, 34, 11]",429,747,8,6
748,"[1, 2, 3, 4, 5, 6, 7, 8, 9, 10]","[91, 10, 81, 66, 52, 78, 91, 70, 76, 62]",677,748,8,6
749,"[1, 2, 3, 4, 5, 6, 7, 8, 9, 10]","[44, 73, 100, 44, 85, 99, 83, 42, 77, 76]",723,749,8,6
750,"[1, 2, 3, 4, 5, 6, 7, 8, 9, 10]","[50, 92, 81, 61, 88, 44, 80, 23, 88, 43]",650,750,8,6
751,"[1, 2, 3, 4, 5, 6, 7, 8, 9, 10]","[63, 37, 75, 97, 88, 63, 24, 90, 48, 62]",647,751,8,15
752,"[1, 2, 3, 4, 5, 6, 7, 8, 9, 10]","[41, 60, 47, 79, 35, 32, 36, 95, 20, 45]",490,752,8,15
753,"[1, 2, 3, 4, 5, 6, 7, 8, 9, 10]","[36, 66, 42, 79, 36, 48, 66, 47, 59, 28]",507,753,8,15
754,"[1, 2, 3, 4, 5, 6, 7, 8, 9, 10]","[68, 44, 85, 74, 100, 72, 14, 95, 18, 46]",616,754,8,15
755,"[1, 2, 3, 4, 5, 6, 7, 8, 9, 10]","[39, 11, 30, 69, 96, 48, 20, 52, 52, 52]",469,755,8,15
756,"[1, 2, 3, 4, 5, 6, 7, 8, 9, 10]","[20, 22, 97, 64, 12, 82, 68, 51, 42, 18]",476,756,8,15
757,"[1, 2, 3, 4, 5, 6, 7, 8, 9, 10]","[97, 15, 80, 17, 99, 99, 16, 51, 16, 65]",555,757,8,15
758,"[1, 2, 3, 4, 5, 6, 7, 8, 9, 10]","[43, 77, 56, 43, 78, 43, 66, 50, 81, 85]",622,758,8,15
759,"[1, 2, 3, 4, 5, 6, 7, 8, 9, 10]","[44, 57, 10, 11, 39, 98, 36, 66, 21, 91]",473,759,8,15
760,"[1, 2, 3, 4, 5, 6, 7, 8, 9, 10]","[90, 93, 62, 67, 26, 72, 45, 10, 86, 98]",649,760,8,15
761,"[1, 2, 3, 4, 5, 6, 7, 8, 9, 10]","[49, 33, 19, 58, 62, 10, 21, 98, 87, 92]",529,761,8,11
762,"[1, 2, 3, 4, 5, 6, 7, 8, 9, 10]","[11, 75, 72, 45, 99, 38, 90, 24, 34, 82]",570,762,8,11
763,"[1, 2, 3, 4, 5, 6, 7, 8, 9, 10]","[80, 86, 30, 88, 47, 36, 32, 70, 94, 35]",598,763,8,11
764,"[1, 2, 3, 4, 5, 6, 7, 8, 9, 10]","[34, 22, 91, 24, 28, 43, 77, 59, 47, 21]",446,764,8,11
765,"[1, 2, 3, 4, 5, 6, 7, 8, 9, 10]","[86, 23, 67, 37, 82, 75, 90, 74, 40, 61]",635,765,8,11
766,"[1, 2, 3, 4, 5, 6, 7, 8, 9, 10]","[38, 22, 50, 57, 70, 31, 83, 40, 46, 15]",452,766,8,11
767,"[1, 2, 3, 4, 5, 6, 7, 8, 9, 10]","[19, 41, 72, 63, 25, 92, 73, 57, 91, 78]",611,767,8,11
768,"[1, 2, 3, 4, 5, 6, 7, 8, 9, 10]","[45, 96, 61, 47, 61, 58, 46, 71, 23, 95]",603,768,8,11
769,"[1, 2, 3, 4, 5, 6, 7, 8, 9, 10]","[94, 76, 84, 14, 20, 32, 27, 30, 60, 67]",504,769,8,11
770,"[1, 2, 3, 4, 5, 6, 7, 8, 9, 10]","[24, 67, 86, 42, 30, 100, 74, 39, 39, 22]",523,770,8,11
771,"[1, 2, 3, 4, 5, 6, 7, 8, 9, 10]","[17, 65, 67, 49, 39, 69, 47, 28, 99, 64]",544,771,8,23
772,"[1, 2, 3, 4, 5, 6, 7, 8, 9, 10]","[87, 19, 86, 81, 94, 38, 16, 65, 92, 39]",617,772,8,23
773,"[1, 2, 3, 4, 5, 6, 7, 8, 9, 10]","[17, 43, 84, 30, 54, 69, 67, 15, 33, 27]",439,773,8,23
774,"[1, 2, 3, 4, 5, 6, 7, 8, 9, 10]","[79, 19, 88, 98, 85, 33, 63, 62, 77, 46]",650,774,8,23
775,"[1, 2, 3, 4, 5, 6, 7, 8, 9, 10]","[90, 11, 21, 37, 90, 10, 15, 13, 27, 95]",409,775,8,23
776,"[1, 2, 3, 4, 5, 6, 7, 8, 9, 10]","[23, 66, 100, 25, 58, 31, 53, 53, 20, 14]",443,776,8,23
777,"[1, 2, 3, 4, 5, 6, 7, 8, 9, 10]","[77, 81, 27, 97, 21, 29, 58, 13, 10, 61]",474,777,8,23
778,"[1, 2, 3, 4, 5, 6, 7, 8, 9, 10]","[77, 87, 73, 99, 71, 28, 16, 98, 28, 17]",594,778,8,23
779,"[1, 2, 3, 4, 5, 6, 7, 8, 9, 10]","[80, 84, 96, 30, 23, 62, 23, 96, 99, 39]",632,779,8,23
780,"[1, 2, 3, 4, 5, 6, 7, 8, 9, 10]","[39, 59, 89, 74, 73, 44, 80, 88, 38, 56]",640,780,8,23
781,"[1, 2, 3, 4, 5, 6, 7, 8, 9, 10]","[36, 82, 64, 100, 65, 61, 77, 87, 29, 77]",678,781,8,13
782,"[1, 2, 3, 4, 5, 6, 7, 8, 9, 10]","[80, 64, 56, 64, 46, 84, 42, 41, 85, 34]",596,782,8,13
783,"[1, 2, 3, 4, 5, 6, 7, 8, 9, 10]","[74, 87, 32, 56, 27, 89, 78, 96, 50, 40]",629,783,8,13
784,"[1, 2, 3, 4, 5, 6, 7, 8, 9, 10]","[27, 22, 100, 76, 46, 11, 67, 86, 56, 87]",578,784,8,13
785,"[1, 2, 3, 4, 5, 6, 7, 8, 9, 10]","[30, 63, 54, 96, 87, 35, 95, 71, 17, 32]",580,785,8,13
786,"[1, 2, 3, 4, 5, 6, 7, 8, 9, 10]","[86, 14, 38, 58, 99, 35, 43, 81, 91, 50]",595,786,8,13
787,"[1, 2, 3, 4, 5, 6, 7, 8, 9, 10]","[58, 59, 18, 26, 30, 32, 46, 40, 52, 22]",383,787,8,13
788,"[1, 2, 3, 4, 5, 6, 7, 8, 9, 10]","[95, 48, 47, 88, 14, 13, 30, 32, 87, 80]",534,788,8,13
789,"[1, 2, 3, 4, 5, 6, 7, 8, 9, 10]","[95, 73, 42, 100, 89, 84, 97, 15, 64, 55]",714,789,8,13
790,"[1, 2, 3, 4, 5, 6, 7, 8, 9, 10]","[65, 23, 99, 46, 16, 97, 60, 33, 22, 72]",533,790,8,13
791,"[1, 2, 3, 4, 5, 6, 7, 8, 9, 10]","[59, 83, 63, 93, 39, 26, 32, 51, 11, 72]",529,791,8,14
792,"[1, 2, 3, 4, 5, 6, 7, 8, 9, 10]","[53, 59, 12, 100, 85, 59, 38, 97, 10, 58]",571,792,8,14
793,"[1, 2, 3, 4, 5, 6, 7, 8, 9, 10]","[58, 42, 13, 100, 16, 26, 40, 67, 18, 79]",459,793,8,14
794,"[1, 2, 3, 4, 5, 6, 7, 8, 9, 10]","[55, 37, 76, 70, 35, 67, 27, 48, 80, 82]",577,794,8,14
795,"[1, 2, 3, 4, 5, 6, 7, 8, 9, 10]","[55, 42, 53, 94, 76, 37, 33, 68, 93, 41]",592,795,8,14
796,"[1, 2, 3, 4, 5, 6, 7, 8, 9, 10]","[30, 35, 38, 13, 60, 15, 29, 89, 28, 76]",413,796,8,14
797,"[1, 2, 3, 4, 5, 6, 7, 8, 9, 10]","[60, 57, 77, 55, 13, 43, 14, 63, 54, 98]",534,797,8,14
798,"[1, 2, 3, 4, 5, 6, 7, 8, 9, 10]","[42, 37, 27, 96, 77, 56, 53, 85, 52, 58]",583,798,8,14
799,"[1, 2, 3, 4, 5, 6, 7, 8, 9, 10]","[52, 52, 62, 74, 83, 54, 93, 89, 81, 38]",678,799,8,14
800,"[1, 2, 3, 4, 5, 6, 7, 8, 9, 10]","[72, 81, 87, 47, 84, 100, 80, 83, 47, 26]",707,800,8,14
801,"[1, 2, 3, 4, 5, 6, 7, 8, 9, 10]","[52, 16, 92, 65, 63, 10, 35, 84, 74, 68]",559,801,9,11
802,"[1, 2, 3, 4, 5, 6, 7, 8, 9, 10]","[14, 95, 12, 73, 94, 40, 99, 90, 85, 60]",662,802,9,11
803,"[1, 2, 3, 4, 5, 6, 7, 8, 9, 10]","[84, 95, 49, 37, 27, 32, 40, 15, 50, 48]",477,803,9,11
804,"[1, 2, 3, 4, 5, 6, 7, 8, 9, 10]","[16, 32, 13, 88, 100, 57, 71, 80, 54, 64]",575,804,9,11
805,"[1, 2, 3, 4, 5, 6, 7, 8, 9, 10]","[100, 46, 39, 29, 90, 22, 85, 51, 100, 67]",629,805,9,11
806,"[1, 2, 3, 4, 5, 6, 7, 8, 9, 10]","[65, 36, 77, 87, 28, 93, 100, 63, 59, 13]",621,806,9,11
807,"[1, 2, 3, 4, 5, 6, 7, 8, 9, 10]","[11, 100, 41, 86, 70, 82, 66, 19, 79, 72]",626,807,9,11
808,"[1, 2, 3, 4, 5, 6, 7, 8, 9, 10]","[81, 98, 16, 90, 45, 84, 80, 28, 67, 35]",624,808,9,11
809,"[1, 2, 3, 4, 5, 6, 7, 8, 9, 10]","[25, 25, 96, 39, 96, 52, 33, 50, 29, 22]",467,809,9,11
810,"[1, 2, 3, 4, 5, 6, 7, 8, 9, 10]","[27, 50, 32, 32, 19, 31, 42, 96, 89, 47]",465,810,9,11
811,"[1, 2, 3, 4, 5, 6, 7, 8, 9, 10]","[28, 14, 49, 47, 86, 62, 51, 21, 48, 64]",470,811,9,5
812,"[1, 2, 3, 4, 5, 6, 7, 8, 9, 10]","[92, 31, 59, 55, 85, 11, 70, 33, 39, 30]",505,812,9,5
813,"[1, 2, 3, 4, 5, 6, 7, 8, 9, 10]","[22, 27, 39, 73, 61, 20, 98, 95, 82, 69]",586,813,9,5
814,"[1, 2, 3, 4, 5, 6, 7, 8, 9, 10]","[52, 54, 70, 28, 40, 22, 22, 41, 16, 84]",429,814,9,5
815,"[1, 2, 3, 4, 5, 6, 7, 8, 9, 10]","[51, 98, 61, 48, 65, 22, 42, 37, 32, 37]",493,815,9,5
816,"[1, 2, 3, 4, 5, 6, 7, 8, 9, 10]","[42, 17, 21, 40, 50, 58, 16, 98, 63, 17]",422,816,9,5
817,"[1, 2, 3, 4, 5, 6, 7, 8, 9, 10]","[29, 27, 93, 26, 20, 12, 25, 36, 83, 25]",376,817,9,5
818,"[1, 2, 3, 4, 5, 6, 7, 8, 9, 10]","[57, 51, 71, 61, 96, 12, 45, 42, 84, 35]",554,818,9,5
819,"[1, 2, 3, 4, 5, 6, 7, 8, 9, 10]","[83, 79, 91, 13, 59, 14, 40, 67, 28, 49]",523,819,9,5
820,"[1, 2, 3, 4, 5, 6, 7, 8, 9, 10]","[39, 29, 55, 89, 48, 32, 31, 15, 16, 57]",411,820,9,5
821,"[1, 2, 3, 4, 5, 6, 7, 8, 9, 10]","[80, 68, 31, 11, 87, 49, 58, 28, 90, 70]",572,821,9,9
822,"[1, 2, 3, 4, 5, 6, 7, 8, 9, 10]","[23, 58, 75, 45, 26, 36, 68, 40, 25, 25]",421,822,9,9
823,"[1, 2, 3, 4, 5, 6, 7, 8, 9, 10]","[92, 91, 90, 17, 50, 75, 61, 78, 63, 74]",691,823,9,9
824,"[1, 2, 3, 4, 5, 6, 7, 8, 9, 10]","[44, 64, 63, 85, 29, 48, 37, 77, 73, 27]",547,824,9,9
825,"[1, 2, 3, 4, 5, 6, 7, 8, 9, 10]","[76, 28, 65, 64, 26, 61, 92, 17, 21, 85]",535,825,9,9
826,"[1, 2, 3, 4, 5, 6, 7, 8, 9, 10]","[54, 98, 12, 76, 48, 81, 54, 32, 27, 100]",582,826,9,9
827,"[1, 2, 3, 4, 5, 6, 7, 8, 9, 10]","[50, 95, 30, 73, 89, 76, 89, 87, 22, 24]",635,827,9,9
828,"[1, 2, 3, 4, 5, 6, 7, 8, 9, 10]","[87, 59, 46, 34, 58, 96, 55, 50, 83, 34]",602,828,9,9
829,"[1, 2, 3, 4, 5, 6, 7, 8, 9, 10]","[25, 65, 36, 95, 34, 89, 58, 89, 93, 30]",614,829,9,9
830,"[1, 2, 3, 4, 5, 6, 7, 8, 9, 10]","[91, 18, 93, 35, 67, 82, 60, 80, 12, 26]",564,830,9,9
831,"[1, 2, 3, 4, 5, 6, 7, 8, 9, 10]","[23, 65, 53, 48, 45, 24, 45, 44, 23, 78]",448,831,9,21
832,"[1, 2, 3, 4, 5, 6, 7, 8, 9, 10]","[43, 24, 29, 20, 15, 97, 42, 16, 83, 12]",381,832,9,21
833,"[1, 2, 3, 4, 5, 6, 7, 8, 9, 10]","[66, 83, 98, 56, 75, 26, 19, 17, 52, 12]",504,833,9,21
834,"[1, 2, 3, 4, 5, 6, 7, 8, 9, 10]","[29, 30, 56, 70, 39, 45, 23, 70, 86, 77]",525,834,9,21
835,"[1, 2, 3, 4, 5, 6, 7, 8, 9, 10]","[22, 13, 74, 57, 18, 95, 60, 63, 17, 62]",481,835,9,21
836,"[1, 2, 3, 4, 5, 6, 7, 8, 9, 10]","[33, 77, 56, 100, 33, 29, 52, 18, 20, 88]",506,836,9,21
837,"[1, 2, 3, 4, 5, 6, 7, 8, 9, 10]","[49, 79, 71, 78, 91, 74, 83, 30, 26, 30]",611,837,9,21
838,"[1, 2, 3, 4, 5, 6, 7, 8, 9, 10]","[93, 18, 39, 39, 85, 20, 74, 51, 19, 18]",456,838,9,21
839,"[1, 2, 3, 4, 5, 6, 7, 8, 9, 10]","[10, 32, 89, 25, 100, 62, 20, 69, 47, 65]",519,839,9,21
840,"[1, 2, 3, 4, 5, 6, 7, 8, 9, 10]","[68, 43, 16, 40, 38, 18, 50, 22, 19, 22]",336,840,9,21
841,"[1, 2, 3, 4, 5, 6, 7, 8, 9, 10]","[13, 83, 95, 18, 39, 65, 19, 28, 88, 51]",499,841,9,13
842,"[1, 2, 3, 4, 5, 6, 7, 8, 9, 10]","[91, 95, 54, 37, 40, 23, 12, 89, 38, 16]",495,842,9,13
843,"[1, 2, 3, 4, 5, 6, 7, 8, 9, 10]","[81, 21, 56, 39, 99, 32, 51, 71, 72, 92]",614,843,9,13
844,"[1, 2, 3, 4, 5, 6, 7, 8, 9, 10]","[29, 84, 53, 13, 64, 80, 71, 24, 88, 100]",606,844,9,13
845,"[1, 2, 3, 4, 5, 6, 7, 8, 9, 10]","[96, 35, 58, 27, 41, 77, 84, 100, 93, 49]",660,845,9,13
846,"[1, 2, 3, 4, 5, 6, 7, 8, 9, 10]","[21, 33, 39, 17, 24, 95, 79, 63, 51, 97]",519,846,9,13
847,"[1, 2, 3, 4, 5, 6, 7, 8, 9, 10]","[58, 21, 13, 100, 53, 20, 32, 66, 21, 77]",461,847,9,13
848,"[1, 2, 3, 4, 5, 6, 7, 8, 9, 10]","[36, 96, 65, 50, 76, 35, 42, 20, 18, 51]",489,848,9,13
849,"[1, 2, 3, 4, 5, 6, 7, 8, 9, 10]","[24, 61, 92, 24, 33, 19, 33, 35, 35, 85]",441,849,9,13
850,"[1, 2, 3, 4, 5, 6, 7, 8, 9, 10]","[19, 40, 95, 19, 33, 67, 71, 39, 71, 50]",504,850,9,13
851,"[1, 2, 3, 4, 5, 6, 7, 8, 9, 10]","[93, 46, 52, 49, 16, 50, 99, 73, 16, 27]",521,851,9,15
852,"[1, 2, 3, 4, 5, 6, 7, 8, 9, 10]","[90, 56, 12, 29, 90, 42, 91, 32, 78, 81]",601,852,9,15
853,"[1, 2, 3, 4, 5, 6, 7, 8, 9, 10]","[56, 86, 28, 79, 86, 16, 79, 85, 37, 36]",588,853,9,15
854,"[1, 2, 3, 4, 5, 6, 7, 8, 9, 10]","[21, 66, 77, 28, 73, 23, 73, 63, 94, 72]",590,854,9,15
855,"[1, 2, 3, 4, 5, 6, 7, 8, 9, 10]","[58, 86, 44, 67, 71, 28, 21, 58, 58, 95]",586,855,9,15
856,"[1, 2, 3, 4, 5, 6, 7, 8, 9, 10]","[34, 66, 30, 89, 24, 14, 30, 69, 44, 92]",492,856,9,15
857,"[1, 2, 3, 4, 5, 6, 7, 8, 9, 10]","[100, 40, 25, 98, 84, 59, 88, 56, 19, 95]",664,857,9,15
858,"[1, 2, 3, 4, 5, 6, 7, 8, 9, 10]","[57, 63, 31, 12, 13, 51, 21, 84, 32, 49]",413,858,9,15
859,"[1, 2, 3, 4, 5, 6, 7, 8, 9, 10]","[86, 85, 79, 83, 25, 49, 55, 84, 80, 67]",693,859,9,15
860,"[1, 2, 3, 4, 5, 6, 7, 8, 9, 10]","[18, 40, 59, 38, 31, 66, 58, 94, 31, 63]",498,860,9,15
861,"[1, 2, 3, 4, 5, 6, 7, 8, 9, 10]","[75, 49, 54, 99, 91, 91, 61, 22, 33, 31]",606,861,9,7
862,"[1, 2, 3, 4, 5, 6, 7, 8, 9, 10]","[85, 37, 82, 21, 40, 84, 13, 16, 15, 86]",479,862,9,7
863,"[1, 2, 3, 4, 5, 6, 7, 8, 9, 10]","[38, 45, 47, 21, 89, 43, 24, 52, 96, 40]",495,863,9,7
864,"[1, 2, 3, 4, 5, 6, 7, 8, 9, 10]","[33, 23, 30, 22, 52, 79, 49, 52, 80, 69]",489,864,9,7
865,"[1, 2, 3, 4, 5, 6, 7, 8, 9, 10]","[49, 20, 98, 85, 54, 34, 75, 63, 54, 90]",622,865,9,7
866,"[1, 2, 3, 4, 5, 6, 7, 8, 9, 10]","[45, 78, 96, 47, 73, 16, 75, 12, 77, 56]",575,866,9,7
867,"[1, 2, 3, 4, 5, 6, 7, 8, 9, 10]","[99, 18, 16, 43, 19, 45, 80, 84, 49, 83]",536,867,9,7
868,"[1, 2, 3, 4, 5, 6, 7, 8, 9, 10]","[100, 71, 22, 97, 54, 75, 92, 33, 51, 72]",667,868,9,7
869,"[1, 2, 3, 4, 5, 6, 7, 8, 9, 10]","[16, 50, 28, 95, 77, 32, 90, 99, 97, 98]",682,869,9,7
870,"[1, 2, 3, 4, 5, 6, 7, 8, 9, 10]","[89, 15, 98, 64, 15, 45, 75, 22, 26, 20]",469,870,9,7
871,"[1, 2, 3, 4, 5, 6, 7, 8, 9, 10]","[12, 65, 39, 97, 17, 93, 58, 22, 37, 76]",516,871,9,8
872,"[1, 2, 3, 4, 5, 6, 7, 8, 9, 10]","[27, 12, 47, 66, 87, 86, 95, 27, 40, 17]",504,872,9,8
873,"[1, 2, 3, 4, 5, 6, 7, 8, 9, 10]","[76, 35, 90, 23, 10, 42, 62, 30, 63, 71]",502,873,9,8
874,"[1, 2, 3, 4, 5, 6, 7, 8, 9, 10]","[91, 13, 36, 76, 71, 71, 31, 14, 72, 32]",507,874,9,8
875,"[1, 2, 3, 4, 5, 6, 7, 8, 9, 10]","[54, 100, 78, 55, 83, 25, 23, 30, 74, 88]",610,875,9,8
876,"[1, 2, 3, 4, 5, 6, 7, 8, 9, 10]","[15, 67, 43, 76, 86, 11, 44, 25, 33, 51]",451,876,9,8
877,"[1, 2, 3, 4, 5, 6, 7, 8, 9, 10]","[42, 41, 76, 23, 60, 11, 36, 58, 66, 35]",448,877,9,8
878,"[1, 2, 3, 4, 5, 6, 7, 8, 9, 10]","[77, 24, 91, 87, 57, 86, 68, 79, 93, 13]",675,878,9,8
879,"[1, 2, 3, 4, 5, 6, 7, 8, 9, 10]","[60, 22, 22, 83, 30, 49, 25, 47, 51, 43]",432,879,9,8
880,"[1, 2, 3, 4, 5, 6, 7, 8, 9, 10]","[40, 50, 85, 70, 89, 88, 55, 49, 77, 57]",660,880,9,8
881,"[1, 2, 3, 4, 5, 6, 7, 8, 9, 10]","[11, 30, 26, 24, 19, 60, 47, 59, 79, 34]",389,881,9,17
882,"[1, 2, 3, 4, 5, 6, 7, 8, 9, 10]","[15, 88, 74, 40, 85, 17, 54, 55, 54, 29]",511,882,9,17
883,"[1, 2, 3, 4, 5, 6, 7, 8, 9, 10]","[25, 91, 58, 27, 39, 87, 80, 10, 71, 69]",557,883,9,17
884,"[1, 2, 3, 4, 5, 6, 7, 8, 9, 10]","[44, 96, 17, 91, 84, 81, 37, 86, 46, 57]",639,884,9,17
885,"[1, 2, 3, 4, 5, 6, 7, 8, 9, 10]","[11, 23, 98, 49, 74, 19, 21, 27, 30, 92]",444,885,9,17
886,"[1, 2, 3, 4, 5, 6, 7, 8, 9, 10]","[56, 35, 95, 51, 18, 17, 63, 85, 35, 71]",526,886,9,17
887,"[1, 2, 3, 4, 5, 6, 7, 8, 9, 10]","[40, 43, 58, 77, 93, 51, 11, 91, 39, 37]",540,887,9,17
888,"[1, 2, 3, 4, 5, 6, 7, 8, 9, 10]","[98, 65, 80, 24, 53, 23, 57, 48, 63, 98]",609,888,9,17
889,"[1, 2, 3, 4, 5, 6, 7, 8, 9, 10]","[85, 42, 57, 63, 96, 88, 96, 72, 41, 13]",653,889,9,17
890,"[1, 2, 3, 4, 5, 6, 7, 8, 9, 10]","[98, 17, 94, 67, 24, 94, 42, 40, 95, 57]",628,890,9,17
891,"[1, 2, 3, 4, 5, 6, 7, 8, 9, 10]","[80, 68, 58, 85, 25, 94, 47, 82, 14, 96]",649,891,9,10
892,"[1, 2, 3, 4, 5, 6, 7, 8, 9, 10]","[62, 32, 85, 57, 23, 33, 45, 96, 49, 69]",551,892,9,10
893,"[1, 2, 3, 4, 5, 6, 7, 8, 9, 10]","[68, 70, 49, 52, 73, 18, 79, 73, 19, 86]",587,893,9,10
894,"[1, 2, 3, 4, 5, 6, 7, 8, 9, 10]","[24, 64, 60, 27, 60, 71, 81, 28, 25, 10]",450,894,9,10
895,"[1, 2, 3, 4, 5, 6, 7, 8, 9, 10]","[71, 86, 46, 20, 62, 74, 39, 85, 33, 12]",528,895,9,10
896,"[1, 2, 3, 4, 5, 6, 7, 8, 9, 10]","[18, 87, 14, 56, 30, 49, 19, 52, 42, 67]",434,896,9,10
897,"[1, 2, 3, 4, 5, 6, 7, 8, 9, 10]","[16, 25, 64, 14, 84, 78, 98, 75, 13, 28]",495,897,9,10
898,"[1, 2, 3, 4, 5, 6, 7, 8, 9, 10]","[96, 99, 44, 11, 69, 19, 22, 70, 15, 88]",533,898,9,10
899,"[1, 2, 3, 4, 5, 6, 7, 8, 9, 10]","[80, 51, 83, 63, 61, 80, 33, 71, 67, 80]",669,899,9,10
900,"[1, 2, 3, 4, 5, 6, 7, 8, 9, 10]","[71, 45, 35, 70, 80, 42, 98, 27, 65, 32]",565,900,9,10
901,"[1, 2, 3, 4, 5, 6, 7, 8, 9, 10]","[48, 38, 45, 86, 32, 47, 51, 68, 22, 98]",535,901,10,22
902,"[1, 2, 3, 4, 5, 6, 7, 8, 9, 10]","[25, 10, 44, 63, 60, 36, 90, 56, 90, 80]",554,902,10,22
903,"[1, 2, 3, 4, 5, 6, 7, 8, 9, 10]","[84, 84, 35, 47, 82, 65, 99, 27, 68, 72]",663,903,10,22
904,"[1, 2, 3, 4, 5, 6, 7, 8, 9, 10]","[12, 63, 22, 10, 69, 57, 49, 57, 56, 65]",460,904,10,22
905,"[1, 2, 3, 4, 5, 6, 7, 8, 9, 10]","[48, 63, 53, 43, 24, 26, 87, 60, 78, 63]",545,905,10,22
906,"[1, 2, 3, 4, 5, 6, 7, 8, 9, 10]","[54, 94, 97, 46, 85, 85, 54, 60, 73, 37]",685,906,10,22
907,"[1, 2, 3, 4, 5, 6, 7, 8, 9, 10]","[53, 77, 80, 82, 43, 87, 26, 62, 40, 94]",644,907,10,22
908,"[1, 2, 3, 4, 5, 6, 7, 8, 9, 10]","[85, 28, 47, 77, 84, 33, 11, 53, 59, 92]",569,908,10,22
909,"[1, 2, 3, 4, 5, 6, 7, 8, 9, 10]","[40, 16, 68, 57, 90, 18, 81, 81, 80, 47]",578,909,10,22
910,"[1, 2, 3, 4, 5, 6, 7, 8, 9, 10]","[22, 47, 35, 23, 36, 46, 64, 53, 60, 88]",474,910,10,22
911,"[1, 2, 3, 4, 5, 6, 7, 8, 9, 10]","[60, 15, 12, 81, 29, 20, 21, 43, 22, 20]",323,911,10,11
912,"[1, 2, 3, 4, 5, 6, 7, 8, 9, 10]","[77, 64, 44, 77, 71, 23, 70, 21, 62, 47]",556,912,10,11
913,"[1, 2, 3, 4, 5, 6, 7, 8, 9, 10]","[63, 65, 61, 44, 10, 27, 85, 22, 89, 44]",510,913,10,11
914,"[1, 2, 3, 4, 5, 6, 7, 8, 9, 10]","[67, 19, 51, 25, 24, 84, 62, 67, 18, 80]",497,914,10,11
915,"[1, 2, 3, 4, 5, 6, 7, 8, 9, 10]","[92, 38, 98, 49, 97, 60, 37, 44, 96, 73]",684,915,10,11
916,"[1, 2, 3, 4, 5, 6, 7, 8, 9, 10]","[50, 57, 54, 18, 76, 72, 53, 39, 42, 37]",498,916,10,11
917,"[1, 2, 3, 4, 5, 6, 7, 8, 9, 10]","[14, 96, 82, 14, 97, 22, 40, 32, 35, 79]",511,917,10,11
918,"[1, 2, 3, 4, 5, 6, 7, 8, 9, 10]","[63, 14, 77, 97, 80, 95, 33, 91, 37, 20]",607,918,10,11
919,"[1, 2, 3, 4, 5, 6, 7, 8, 9, 10]","[60, 15, 34, 60, 71, 65, 66, 98, 59, 76]",604,919,10,11
920,"[1, 2, 3, 4, 5, 6, 7, 8, 9, 10]","[12, 96, 38, 63, 87, 56, 33, 77, 64, 93]",619,920,10,11
921,"[1, 2, 3, 4, 5, 6, 7, 8, 9, 10]","[78, 70, 16, 77, 74, 72, 23, 11, 41, 49]",511,921,10,9
922,"[1, 2, 3, 4, 5, 6, 7, 8, 9, 10]","[98, 68, 78, 91, 54, 30, 96, 96, 46, 83]",740,922,10,9
923,"[1, 2, 3, 4, 5, 6, 7, 8, 9, 10]","[31, 54, 38, 46, 93, 79, 91, 49, 71, 64]",616,923,10,9
924,"[1, 2, 3, 4, 5, 6, 7, 8, 9, 10]","[62, 48, 15, 92, 35, 55, 68, 32, 70, 43]",520,924,10,9
925,"[1, 2, 3, 4, 5, 6, 7, 8, 9, 10]","[87, 63, 69, 73, 28, 29, 11, 64, 59, 61]",544,925,10,9
926,"[1, 2, 3, 4, 5, 6, 7, 8, 9, 10]","[83, 92, 54, 89, 38, 56, 87, 89, 40, 93]",721,926,10,9
927,"[1, 2, 3, 4, 5, 6, 7, 8, 9, 10]","[52, 15, 56, 36, 12, 36, 82, 52, 39, 99]",479,927,10,9
928,"[1, 2, 3, 4, 5, 6, 7, 8, 9, 10]","[63, 49, 43, 66, 79, 55, 67, 67, 91, 23]",603,928,10,9
929,"[1, 2, 3, 4, 5, 6, 7, 8, 9, 10]","[22, 17, 44, 12, 91, 40, 66, 31, 64, 61]",448,929,10,9
930,"[1, 2, 3, 4, 5, 6, 7, 8, 9, 10]","[36, 63, 10, 72, 44, 55, 26, 83, 15, 59]",463,930,10,9
931,"[1, 2, 3, 4, 5, 6, 7, 8, 9, 10]","[56, 57, 41, 52, 68, 41, 48, 74, 76, 93]",606,931,10,14
932,"[1, 2, 3, 4, 5, 6, 7, 8, 9, 10]","[84, 80, 91, 61, 67, 54, 81, 83, 94, 46]",741,932,10,14
933,"[1, 2, 3, 4, 5, 6, 7, 8, 9, 10]","[94, 22, 52, 99, 70, 47, 13, 56, 70, 82]",605,933,10,14
934,"[1, 2, 3, 4, 5, 6, 7, 8, 9, 10]","[18, 34, 95, 18, 100, 64, 56, 81, 38, 56]",560,934,10,14
935,"[1, 2, 3, 4, 5, 6, 7, 8, 9, 10]","[93, 22, 59, 46, 35, 19, 24, 67, 82, 31]",478,935,10,14
936,"[1, 2, 3, 4, 5, 6, 7, 8, 9, 10]","[63, 15, 43, 79, 32, 66, 18, 96, 89, 66]",567,936,10,14
937,"[1, 2, 3, 4, 5, 6, 7, 8, 9, 10]","[49, 15, 56, 53, 93, 14, 32, 35, 52, 49]",448,937,10,14
938,"[1, 2, 3, 4, 5, 6, 7, 8, 9, 10]","[64, 54, 19, 52, 47, 37, 88, 53, 90, 66]",570,938,10,14
939,"[1, 2, 3, 4, 5, 6, 7, 8, 9, 10]","[32, 52, 83, 42, 79, 73, 83, 49, 95, 53]",641,939,10,14
940,"[1, 2, 3, 4, 5, 6, 7, 8, 9, 10]","[51, 59, 60, 84, 96, 65, 45, 15, 69, 33]",577,940,10,14
941,"[1, 2, 3, 4, 5, 6, 7, 8, 9, 10]","[60, 36, 57, 75, 93, 34, 82, 17, 94, 60]",608,941,10,10
942,"[1, 2, 3, 4, 5, 6, 7, 8, 9, 10]","[46, 43, 36, 92, 67, 83, 19, 23, 80, 34]",523,942,10,10
943,"[1, 2, 3, 4, 5, 6, 7, 8, 9, 10]","[32, 24, 71, 86, 91, 14, 89, 20, 44, 42]",513,943,10,10
944,"[1, 2, 3, 4, 5, 6, 7, 8, 9, 10]","[81, 39, 72, 59, 70, 76, 69, 78, 23, 56]",623,944,10,10
945,"[1, 2, 3, 4, 5, 6, 7, 8, 9, 10]","[96, 87, 17, 44, 88, 39, 43, 64, 87, 98]",663,945,10,10
946,"[1, 2, 3, 4, 5, 6, 7, 8, 9, 10]","[35, 50, 36, 50, 48, 64, 45, 66, 49, 40]",483,946,10,10
947,"[1, 2, 3, 4, 5, 6, 7, 8, 9, 10]","[37, 73, 69, 52, 18, 32, 50, 58, 11, 72]",472,947,10,10
948,"[1, 2, 3, 4, 5, 6, 7, 8, 9, 10]","[24, 83, 38, 98, 28, 21, 53, 31, 81, 60]",517,948,10,10
949,"[1, 2, 3, 4, 5, 6, 7, 8, 9, 10]","[69, 77, 57, 46, 22, 24, 35, 73, 41, 97]",541,949,10,10
950,"[1, 2, 3, 4, 5, 6, 7, 8, 9, 10]","[92, 76, 34, 46, 89, 80, 45, 16, 37, 50]",565,950,10,10
951,"[1, 2, 3, 4, 5, 6, 7, 8, 9, 10]","[65, 53, 73, 19, 15, 44, 68, 59, 35, 60]",491,951,10,13
952,"[1, 2, 3, 4, 5, 6, 7, 8, 9, 10]","[74, 84, 67, 48, 79, 79, 38, 66, 22, 80]",637,952,10,13
953,"[1, 2, 3, 4, 5, 6, 7, 8, 9, 10]","[60, 15, 35, 85, 41, 100, 65, 21, 98, 49]",569,953,10,13
954,"[1, 2, 3, 4, 5, 6, 7, 8, 9, 10]","[45, 92, 16, 65, 87, 80, 36, 10, 41, 85]",557,954,10,13
955,"[1, 2, 3, 4, 5, 6, 7, 8, 9, 10]","[53, 95, 50, 21, 51, 62, 44, 89, 42, 48]",555,955,10,13
956,"[1, 2, 3, 4, 5, 6, 7, 8, 9, 10]","[40, 70, 30, 68, 87, 63, 61, 42, 20, 74]",555,956,10,13
957,"[1, 2, 3, 4, 5, 6, 7, 8, 9, 10]","[42, 72, 28, 67, 92, 52, 81, 25, 38, 99]",596,957,10,13
958,"[1, 2, 3, 4, 5, 6, 7, 8, 9, 10]","[13, 19, 74, 71, 15, 10, 19, 32, 77, 80]",410,958,10,13
959,"[1, 2, 3, 4, 5, 6, 7, 8, 9, 10]","[72, 91, 65, 79, 84, 79, 51, 92, 37, 84]",734,959,10,13
960,"[1, 2, 3, 4, 5, 6, 7, 8, 9, 10]","[57, 47, 98, 89, 86, 89, 56, 73, 12, 39]",646,960,10,13
961,"[1, 2, 3, 4, 5, 6, 7, 8, 9, 10]","[57, 40, 37, 88, 16, 85, 80, 80, 85, 32]",600,961,10,16
962,"[1, 2, 3, 4, 5, 6, 7, 8, 9, 10]","[84, 58, 67, 55, 36, 31, 15, 91, 60, 99]",596,962,10,16
963,"[1, 2, 3, 4, 5, 6, 7, 8, 9, 10]","[34, 64, 83, 21, 34, 64, 82, 31, 81, 74]",568,963,10,16
964,"[1, 2, 3, 4, 5, 6, 7, 8, 9, 10]","[71, 26, 57, 34, 100, 21, 55, 32, 76, 58]",530,964,10,16
965,"[1, 2, 3, 4, 5, 6, 7, 8, 9, 10]","[90, 83, 17, 23, 38, 65, 26, 78, 65, 90]",575,965,10,16
966,"[1, 2, 3, 4, 5, 6, 7, 8, 9, 10]","[44, 32, 40, 49, 89, 72, 88, 60, 61, 91]",626,966,10,16
967,"[1, 2, 3, 4, 5, 6, 7, 8, 9, 10]","[11, 69, 87, 76, 90, 97, 26, 98, 55, 62]",671,967,10,16
968,"[1, 2, 3, 4, 5, 6, 7, 8, 9, 10]","[15, 88, 47, 39, 67, 36, 46, 89, 18, 10]",455,968,10,16
969,"[1, 2, 3, 4, 5, 6, 7, 8, 9, 10]","[36, 32, 76, 75, 78, 19, 92, 10, 74, 20]",512,969,10,16
970,"[1, 2, 3, 4, 5, 6, 7, 8, 9, 10]","[42, 17, 79, 46, 16, 98, 84, 97, 40, 84]",603,970,10,16
971,"[1, 2, 3, 4, 5, 6, 7, 8, 9, 10]","[23, 23, 84, 64, 77, 21, 23, 41, 55, 92]",503,971,10,6
972,"[1, 2, 3, 4, 5, 6, 7, 8, 9, 10]","[72, 48, 81, 63, 39, 41, 26, 59, 51, 41]",521,972,10,6
973,"[1, 2, 3, 4, 5, 6, 7, 8, 9, 10]","[86, 69, 31, 63, 92, 40, 19, 41, 62, 51]",554,973,10,6
974,"[1, 2, 3, 4, 5, 6, 7, 8, 9, 10]","[67, 73, 13, 62, 20, 95, 13, 44, 35, 82]",504,974,10,6
975,"[1, 2, 3, 4, 5, 6, 7, 8, 9, 10]","[59, 86, 52, 96, 33, 99, 40, 13, 16, 63]",557,975,10,6
976,"[1, 2, 3, 4, 5, 6, 7, 8, 9, 10]","[62, 48, 51, 20, 29, 66, 73, 85, 42, 40]",516,976,10,6
977,"[1, 2, 3, 4, 5, 6, 7, 8, 9, 10]","[68, 61, 97, 20, 61, 62, 64, 57, 10, 74]",574,977,10,6
978,"[1, 2, 3, 4, 5, 6, 7, 8, 9, 10]","[25, 63, 64, 64, 83, 42, 53, 50, 91, 90]",625,978,10,6
979,"[1, 2, 3, 4, 5, 6, 7, 8, 9, 10]","[98, 89, 70, 35, 95, 98, 87, 88, 58, 54]",772,979,10,6
980,"[1, 2, 3, 4, 5, 6, 7, 8, 9, 10]","[72, 25, 78, 14, 95, 22, 19, 33, 42, 56]",456,980,10,6
981,"[1, 2, 3, 4, 5, 6, 7, 8, 9, 10]","[70, 18, 27, 14, 23, 19, 75, 46, 42, 69]",403,981,10,20
982,"[1, 2, 3, 4, 5, 6, 7, 8, 9, 10]","[10, 74, 92, 41, 46, 29, 38, 78, 94, 12]",514,982,10,20
983,"[1, 2, 3, 4, 5, 6, 7, 8, 9, 10]","[13, 39, 74, 23, 29, 67, 71, 17, 35, 89]",457,983,10,20
984,"[1, 2, 3, 4, 5, 6, 7, 8, 9, 10]","[33, 98, 85, 65, 50, 29, 88, 90, 60, 38]",636,984,10,20
985,"[1, 2, 3, 4, 5, 6, 7, 8, 9, 10]","[42, 26, 97, 20, 78, 59, 16, 45, 98, 26]",507,985,10,20
986,"[1, 2, 3, 4, 5, 6, 7, 8, 9, 10]","[62, 10, 26, 82, 10, 42, 43, 23, 36, 43]",377,986,10,20
987,"[1, 2, 3, 4, 5, 6, 7, 8, 9, 10]","[89, 49, 25, 10, 73, 57, 23, 33, 10, 65]",434,987,10,20
988,"[1, 2, 3, 4, 5, 6, 7, 8, 9, 10]","[13, 85, 53, 67, 83, 72, 75, 78, 89, 63]",678,988,10,20
989,"[1, 2, 3, 4, 5, 6, 7, 8, 9, 10]","[91, 26, 50, 37, 36, 27, 95, 26, 15, 26]",429,989,10,20
990,"[1, 2, 3, 4, 5, 6, 7, 8, 9, 10]","[32, 54, 73, 96, 57, 92, 22, 29, 49, 15]",519,990,10,20
991,"[1, 2, 3, 4, 5, 6, 7, 8, 9, 10]","[80, 53, 45, 85, 74, 10, 77, 100, 60, 55]",639,991,10,3
992,"[1, 2, 3, 4, 5, 6, 7, 8, 9, 10]","[95, 92, 96, 99, 54, 24, 51, 15, 92, 29]",647,992,10,3
993,"[1, 2, 3, 4, 5, 6, 7, 8, 9, 10]","[53, 14, 48, 92, 13, 46, 73, 47, 29, 96]",511,993,10,3
994,"[1, 2, 3, 4, 5, 6, 7, 8, 9, 10]","[10, 80, 36, 83, 55, 90, 29, 83, 49, 36]",551,994,10,3
995,"[1, 2, 3, 4, 5, 6, 7, 8, 9, 10]","[75, 10, 78, 50, 77, 24, 12, 13, 43, 66]",448,995,10,3
996,"[1, 2, 3, 4, 5, 6, 7, 8, 9, 10]","[47, 91, 92, 42, 63, 29, 71, 66, 69, 75]",645,996,10,3
997,"[1, 2, 3, 4, 5, 6, 7, 8, 9, 10]","[89, 20, 58, 80, 42, 28, 22, 61, 92, 38]",530,997,10,3
998,"[1, 2, 3, 4, 5, 6, 7, 8, 9, 10]","[86, 50, 39, 10, 64, 53, 75, 10, 82, 18]",487,998,10,3
999,"[1, 2, 3, 4, 5, 6, 7, 8, 9, 10]","[18, 38, 74, 57, 42, 11, 85, 76, 24, 86]",511,999,10,3
1000,"[1, 2, 3, 4, 5, 6, 7, 8, 9, 10]","[14, 76, 96, 75, 53, 87, 85, 10, 69, 38]",603,1000,10,3
